,prestretch_force,range_of_motion
0,1.8820583378096767,3.7994755816101566
1,4.921570301055908,4.249784312113988
2,5.007665157318115,4.263931980590627
3,5.36431360244751,4.322431465968744
4,6.010844707489014,4.4320604768246525
5,7.41577672958374,4.684078485304834
6,8.677987098693848,4.926864802436608
7,10.0,5.198608224495782
8,10.0,5.198608224495782
9,10.0,5.198608224495782
