,range_of_motion,stretched_muscle_length_one,stretched_muscle_length_two,relaxed_muscle_length_one,relaxed_muscle_length_two
0,6.03884279341106,14.531743049621582,13.11691951751709,9.0,12.0
1,6.504440826665995,16.31450653076172,14.727527618408203,9.0,12.0
2,6.363149167917454,16.19495964050293,14.704437255859375,9.0,12.0
3,6.646516337534489,16.42919158935547,14.749714851379395,9.0,12.0
4,6.820400069630175,16.6133975982666,14.785354614257812,9.0,12.0
5,6.997165599603921,16.786775588989258,14.8187894821167,9.0,12.0
6,7.339619878686843,17.0,14.901342391967773,9.0,12.0
7,7.245092309919626,17.0,14.994956016540527,9.0,12.0
8,7.310378104418588,17.0,14.9328031539917,9.0,12.0
