,range_of_motion,stretched_muscle_length_one,stretched_muscle_length_two,relaxed_muscle_length_one,relaxed_muscle_length_two
0,9.112916805977997,12.263701438903809,15.515726089477539,12.0,13.0
1,5.155041442454991,15.107500076293945,17.398584365844727,12.0,13.0
2,9.044388953654865,12.245532989501953,15.636120796203613,12.0,13.0
3,9.392339340017518,12.203495025634766,15.147764205932617,12.0,13.0
4,9.91008453097097,12.082037925720215,14.422988891601562,12.0,13.0
5,10.777941604417755,12.0,13.212800979614258,12.0,13.0
6,10.94463110723427,12.0,13.0,12.0,13.0
7,10.826516933778816,12.169853210449219,13.0,12.0,13.0
8,10.94463110723427,12.0,13.0,12.0,13.0
