# timestamp;hostname;version;nRanks;rankNo;durationAssembleBoundaryConditions;n;durationComputeMappingBetweenMeshes;n;durationInitCellml;n;durationMap;n;durationMapFinalize;n;durationMapPrepare;n;durationParaview1D;n;durationParaview1DInit;n;durationParaview1DReduction;n;durationParaview1DWrite;n;durationParaview2D;n;durationParaview2D3DInit;n;durationParaview3D;n;durationParaview3DInit;n;durationParaview3DReduction;n;durationParaview3DWrite;n;durationParaviewOutput;n;durationReadGeometry;n;durationSetRightHandSide;n;durationSetStiffnessMatrix;n;durationWriteOutput;n;durationWriteOutputParaview;n;durationWriteOutputPythonCallback;n;duration_0D;n;duration_1D;n;duration_3D;n;duration_3D_advanceTimeSpan1;n;duration_3D_advanceTimeSpan2;n;duration_3D_durationSolve;n;duration_3D_transfer12;n;duration_3D_transfer21;n;duration_mechanics;n;duration_mechanics_durationSolve;n;anonymous0_preconditionerType;anonymous0_solverType;currentSimulationTime;diffusionSolver_preconditionerType;diffusionSolver_solverType;dt_0D;dt_1D;dt_3D;dt_splitting;endTime;exit;exit_signal;mechanicsSolver_preconditionerType;mechanicsSolver_solverType;memoryData;memoryPage;memoryResidentSet;memoryVirtual;nInstancesComputedGlobally;scenarioName;totalUsertime;~nDofs;~nDofsmuscle_quadratic;~nElements;~nElementsmuscle_quadratic;~nNodes;~nNodesmuscle_quadratic;
2025/11/28 18:34:59;cmcs09;opendihu 1.5, built Aug  7 2025, C++ 201402, GCC 12.2.0;1;0;1.8852e-05;18;0.0155619;9;0.156789;18;0.00267694;216;0.00295177;11;6.9521e-05;11;0.0102533;24;0.000177798;12;3.298e-06;2;0.00275921;11;0.000509682;24;1.3608e-05;10;0.0186598;24;0.000271696;13;7.463e-06;3;0.0102379;13;0.0299524;24;4.493e-06;1;2.193e-06;18;0.00123709;18;0.0412938;93;0.0300494;24;0.0111854;12;0.00205321;2002;0.00223485;999;0.978034;22;0.0164648;11;0.974721;11;0.310073;10;0.0199548;11;0.00167818;11;0.26157;1;0.250839;1;lu;preonly;1.000000;none;cg;0.0005;0.001;0.1;0.001;1;normal;;lu;preonly;582148096;4096;144793600;900608000;9;default;2.47;30;275;29;20;30;275;
# timestamp;hostname;version;nRanks;rankNo;durationAssembleBoundaryConditions;n;durationComputeMappingBetweenMeshes;n;durationInitCellml;n;durationMap;n;durationMapFinalize;n;durationMapPrepare;n;durationParaview1D;n;durationParaview1DInit;n;durationParaview1DReduction;n;durationParaview1DWrite;n;durationParaview2D;n;durationParaview2D3DInit;n;durationParaview3D;n;durationParaview3DInit;n;durationParaview3DReduction;n;durationParaview3DWrite;n;durationParaviewOutput;n;durationReadGeometry;n;durationSetRightHandSide;n;durationSetStiffnessMatrix;n;durationWriteOutput;n;durationWriteOutputParaview;n;durationWriteOutputPythonCallback;n;duration_0D;n;duration_1D;n;duration_3D;n;duration_3D_advanceTimeSpan1;n;duration_3D_advanceTimeSpan2;n;duration_3D_durationSolve;n;duration_3D_transfer12;n;duration_3D_transfer21;n;duration_mechanics;n;duration_mechanics_durationSolve;n;anonymous0_preconditionerType;anonymous0_solverType;currentSimulationTime;diffusionSolver_preconditionerType;diffusionSolver_solverType;dt_0D;dt_1D;dt_3D;dt_splitting;endTime;exit;exit_signal;mechanicsSolver_preconditionerType;mechanicsSolver_solverType;memoryData;memoryPage;memoryResidentSet;memoryVirtual;nInstancesComputedGlobally;scenarioName;totalUsertime;~nDofs;~nDofsmuscle_quadratic;~nElements;~nElementsmuscle_quadratic;~nNodes;~nNodesmuscle_quadratic;
2025/11/28 19:20:16;cmcs09;opendihu 1.5, built Aug  7 2025, C++ 201402, GCC 12.2.0;1;0;1.6491e-05;18;0.0155168;9;0.0232484;18;0.00269094;216;0.00295917;11;7.7216e-05;11;0.0102749;24;0.000176127;12;2.725e-06;2;0.00276854;11;0.000511279;24;1.4226e-05;10;0.0188578;24;0.000271513;13;6.969e-06;3;0.0102634;13;0.0301696;24;3.649e-06;1;1.875e-06;18;0.00115251;18;0.041482;93;0.030268;24;0.0111571;12;0.00207738;2002;0.002253;999;1.22337;22;0.0164453;11;1.22012;11;0.312061;10;0.0199331;11;0.00168695;11;0.502963;1;0.492236;1;lu;preonly;1.000000;none;cg;0.0005;0.001;0.1;0.001;1;normal;;lu;preonly;582148096;4096;144486400;900964352;9;default;2.64;30;275;29;20;30;275;
# timestamp;hostname;version;nRanks;rankNo;durationAssembleBoundaryConditions;n;durationComputeMappingBetweenMeshes;n;durationInitCellml;n;durationMap;n;durationMapFinalize;n;durationMapPrepare;n;durationParaview1D;n;durationParaview1DInit;n;durationParaview1DReduction;n;durationParaview1DWrite;n;durationParaview2D;n;durationParaview2D3DInit;n;durationParaview3D;n;durationParaview3DInit;n;durationParaview3DReduction;n;durationParaview3DWrite;n;durationParaviewOutput;n;durationReadGeometry;n;durationSetRightHandSide;n;durationSetStiffnessMatrix;n;durationWriteOutput;n;durationWriteOutputParaview;n;durationWriteOutputPythonCallback;n;duration_0D;n;duration_1D;n;duration_3D;n;duration_3D_advanceTimeSpan1;n;duration_3D_advanceTimeSpan2;n;duration_3D_durationSolve;n;duration_3D_transfer12;n;duration_3D_transfer21;n;duration_mechanics;n;duration_mechanics_durationSolve;n;anonymous0_preconditionerType;anonymous0_solverType;currentSimulationTime;diffusionSolver_preconditionerType;diffusionSolver_solverType;dt_0D;dt_1D;dt_3D;dt_splitting;endTime;exit;exit_signal;mechanicsSolver_preconditionerType;mechanicsSolver_solverType;memoryData;memoryPage;memoryResidentSet;memoryVirtual;nInstancesComputedGlobally;scenarioName;totalUsertime;~nDofs;~nDofsmuscle_quadratic;~nElements;~nElementsmuscle_quadratic;~nNodes;~nNodesmuscle_quadratic;
2025/11/28 19:22:56;cmcs09;opendihu 1.5, built Aug  7 2025, C++ 201402, GCC 12.2.0;1;0;1.7255e-05;18;0.0156492;9;0.0235603;18;0.00274358;216;0.00295216;11;7.2129e-05;11;0.0106446;24;0.000172353;12;3.057e-06;2;0.00302632;11;0.000514974;24;1.3831e-05;10;0.0936687;24;0.000272382;13;6.97e-06;3;0.0103027;13;0.105365;24;3.724e-06;1;2.138e-06;18;0.00113546;18;0.116666;93;0.105463;24;0.0111459;12;0.00206881;2002;0.00224437;999;1.10347;22;0.0168675;11;1.17483;11;0.312474;10;0.0200458;11;0.00176133;11;0.381209;1;0.37049;1;lu;preonly;1.000000;none;cg;0.0005;0.001;0.1;0.001;1;normal;;lu;preonly;582148096;4096;146628608;900964352;9;default;2.51;30;275;29;20;30;275;
# timestamp;hostname;version;nRanks;rankNo;durationAssembleBoundaryConditions;n;durationComputeMappingBetweenMeshes;n;durationInitCellml;n;durationMap;n;durationMapFinalize;n;durationMapPrepare;n;durationParaview1D;n;durationParaview1DInit;n;durationParaview1DReduction;n;durationParaview1DWrite;n;durationParaview2D;n;durationParaview2D3DInit;n;durationParaview3D;n;durationParaview3DInit;n;durationParaview3DReduction;n;durationParaview3DWrite;n;durationParaviewOutput;n;durationReadGeometry;n;durationSetRightHandSide;n;durationSetStiffnessMatrix;n;durationWriteOutput;n;durationWriteOutputParaview;n;durationWriteOutputPythonCallback;n;duration_0D;n;duration_1D;n;duration_3D;n;duration_3D_advanceTimeSpan1;n;duration_3D_advanceTimeSpan2;n;duration_3D_durationSolve;n;duration_3D_transfer12;n;duration_3D_transfer21;n;duration_mechanics;n;duration_mechanics_durationSolve;n;anonymous0_preconditionerType;anonymous0_solverType;currentSimulationTime;diffusionSolver_preconditionerType;diffusionSolver_solverType;dt_0D;dt_1D;dt_3D;dt_splitting;endTime;exit;exit_signal;mechanicsSolver_preconditionerType;mechanicsSolver_solverType;memoryData;memoryPage;memoryResidentSet;memoryVirtual;nInstancesComputedGlobally;scenarioName;totalUsertime;~nDofs;~nDofsmuscle_quadratic;~nElements;~nElementsmuscle_quadratic;~nNodes;~nNodesmuscle_quadratic;
2025/11/28 19:23:05;cmcs09;opendihu 1.5, built Aug  7 2025, C++ 201402, GCC 12.2.0;1;0;2.0523e-05;18;0.015478;9;0.0248391;18;0.00270792;216;0.00291936;11;7.399e-05;11;0.0103003;24;0.000175673;12;2.919e-06;2;0.00280858;11;0.00052347;24;1.3916e-05;10;0.0192354;24;0.000277654;13;6.986e-06;3;0.0104582;13;0.0305956;24;3.527e-06;1;2.299e-06;18;0.00122303;18;0.0418469;93;0.0306993;24;0.011089;12;0.00206223;2002;0.00223476;999;0.982851;22;0.0165075;11;0.979854;11;0.312042;10;0.0198717;11;0.00171432;11;0.261877;1;0.25111;1;lu;preonly;1.000000;none;cg;0.0005;0.001;0.1;0.001;1;normal;;lu;preonly;582144000;4096;144629760;900960256;9;default;2.4;30;275;29;20;30;275;
# timestamp;hostname;version;nRanks;rankNo;durationAssembleBoundaryConditions;n;durationComputeMappingBetweenMeshes;n;durationInitCellml;n;durationMap;n;durationMapFinalize;n;durationMapPrepare;n;durationParaview1D;n;durationParaview1DInit;n;durationParaview1DReduction;n;durationParaview1DWrite;n;durationParaview2D;n;durationParaview2D3DInit;n;durationParaview3D;n;durationParaview3DInit;n;durationParaview3DReduction;n;durationParaview3DWrite;n;durationParaviewOutput;n;durationReadGeometry;n;durationSetRightHandSide;n;durationSetStiffnessMatrix;n;durationWriteOutput;n;durationWriteOutputParaview;n;durationWriteOutputPythonCallback;n;duration_0D;n;duration_1D;n;duration_3D;n;duration_3D_advanceTimeSpan1;n;duration_3D_advanceTimeSpan2;n;duration_3D_durationSolve;n;duration_3D_transfer12;n;duration_3D_transfer21;n;duration_mechanics;n;duration_mechanics_durationSolve;n;anonymous0_preconditionerType;anonymous0_solverType;currentSimulationTime;diffusionSolver_preconditionerType;diffusionSolver_solverType;dt_0D;dt_1D;dt_3D;dt_splitting;endTime;exit;exit_signal;mechanicsSolver_preconditionerType;mechanicsSolver_solverType;memoryData;memoryPage;memoryResidentSet;memoryVirtual;nInstancesComputedGlobally;scenarioName;totalUsertime;~nDofs;~nDofsmuscle_quadratic;~nElements;~nElementsmuscle_quadratic;~nNodes;~nNodesmuscle_quadratic;
2025/11/28 19:23:13;cmcs09;opendihu 1.5, built Aug  7 2025, C++ 201402, GCC 12.2.0;1;0;1.7264e-05;18;0.0155517;9;0.023319;18;0.00268516;216;0.00293941;11;7.6939e-05;11;0.0103184;24;0.000182992;12;3.434e-06;2;0.00276899;11;0.000521973;24;1.3928e-05;10;0.0187875;24;0.00028253;13;7.598e-06;3;0.0102005;13;0.0301557;24;2.814e-06;1;1.565e-06;18;0.00114251;18;0.0414386;93;0.03025;24;0.0111317;12;0.00208899;2002;0.00225185;999;1.10149;22;0.016572;11;1.09816;11;0.310607;10;0.0199588;11;0.00167237;11;0.382978;1;0.372205;1;lu;preonly;1.000000;none;cg;0.0005;0.001;0.1;0.001;1;normal;;lu;preonly;582148096;4096;144433152;900964352;9;default;2.5;30;275;29;20;30;275;
# timestamp;hostname;version;nRanks;rankNo;durationAssembleBoundaryConditions;n;durationComputeMappingBetweenMeshes;n;durationInitCellml;n;durationMap;n;durationMapFinalize;n;durationMapPrepare;n;durationParaview1D;n;durationParaview1DInit;n;durationParaview1DReduction;n;durationParaview1DWrite;n;durationParaview2D;n;durationParaview2D3DInit;n;durationParaview3D;n;durationParaview3DInit;n;durationParaview3DReduction;n;durationParaview3DWrite;n;durationParaviewOutput;n;durationReadGeometry;n;durationSetRightHandSide;n;durationSetStiffnessMatrix;n;durationWriteOutput;n;durationWriteOutputParaview;n;durationWriteOutputPythonCallback;n;duration_0D;n;duration_1D;n;duration_3D;n;duration_3D_advanceTimeSpan1;n;duration_3D_advanceTimeSpan2;n;duration_3D_durationSolve;n;duration_3D_transfer12;n;duration_3D_transfer21;n;duration_mechanics;n;duration_mechanics_durationSolve;n;anonymous0_preconditionerType;anonymous0_solverType;currentSimulationTime;diffusionSolver_preconditionerType;diffusionSolver_solverType;dt_0D;dt_1D;dt_3D;dt_splitting;endTime;exit;exit_signal;mechanicsSolver_preconditionerType;mechanicsSolver_solverType;memoryData;memoryPage;memoryResidentSet;memoryVirtual;nInstancesComputedGlobally;scenarioName;totalUsertime;~nDofs;~nDofsmuscle_quadratic;~nElements;~nElementsmuscle_quadratic;~nNodes;~nNodesmuscle_quadratic;
2025/11/28 19:23:21;cmcs09;opendihu 1.5, built Aug  7 2025, C++ 201402, GCC 12.2.0;1;0;1.9023e-05;18;0.0154085;9;0.0234686;18;0.00269778;216;0.00291592;11;7.0419e-05;11;0.0102677;24;0.000172338;12;3.109e-06;2;0.0027924;11;0.000514016;24;1.423e-05;10;0.0188001;24;0.000275256;13;7.634e-06;3;0.0102851;13;0.0301097;24;3.484e-06;1;2.049e-06;18;0.00113507;18;0.0414063;93;0.0302076;24;0.0111408;12;0.0020718;2002;0.00225783;999;1.10595;22;0.0164881;11;1.10281;11;0.313571;10;0.0197871;11;0.00168325;11;0.382496;1;0.371726;1;lu;preonly;1.000000;none;cg;0.0005;0.001;0.1;0.001;1;normal;;lu;preonly;582148096;4096;148606976;900964352;9;default;2.5;30;275;29;20;30;275;
# timestamp;hostname;version;nRanks;rankNo;durationAssembleBoundaryConditions;n;durationComputeMappingBetweenMeshes;n;durationInitCellml;n;durationMap;n;durationMapFinalize;n;durationMapPrepare;n;durationParaview1D;n;durationParaview1DInit;n;durationParaview1DReduction;n;durationParaview1DWrite;n;durationParaview2D;n;durationParaview2D3DInit;n;durationParaview3D;n;durationParaview3DInit;n;durationParaview3DReduction;n;durationParaview3DWrite;n;durationParaviewOutput;n;durationReadGeometry;n;durationSetRightHandSide;n;durationSetStiffnessMatrix;n;durationWriteOutput;n;durationWriteOutputParaview;n;durationWriteOutputPythonCallback;n;duration_0D;n;duration_1D;n;duration_3D;n;duration_3D_advanceTimeSpan1;n;duration_3D_advanceTimeSpan2;n;duration_3D_durationSolve;n;duration_3D_transfer12;n;duration_3D_transfer21;n;duration_mechanics;n;duration_mechanics_durationSolve;n;anonymous0_preconditionerType;anonymous0_solverType;currentSimulationTime;diffusionSolver_preconditionerType;diffusionSolver_solverType;dt_0D;dt_1D;dt_3D;dt_splitting;endTime;exit;exit_signal;mechanicsSolver_preconditionerType;mechanicsSolver_solverType;memoryData;memoryPage;memoryResidentSet;memoryVirtual;nInstancesComputedGlobally;scenarioName;totalUsertime;~nDofs;~nDofsmuscle_quadratic;~nElements;~nElementsmuscle_quadratic;~nNodes;~nNodesmuscle_quadratic;
2025/11/28 19:23:29;cmcs09;opendihu 1.5, built Aug  7 2025, C++ 201402, GCC 12.2.0;1;0;1.7656e-05;18;0.0156327;9;0.023082;18;0.00270155;216;0.00294543;11;7.7232e-05;11;0.010461;24;0.000177214;12;2.892e-06;2;0.00276078;11;0.000516456;24;1.4265e-05;10;0.0191072;24;0.000274843;13;1.2676e-05;3;0.0103655;13;0.0306105;24;4.205e-06;1;1.847e-06;18;0.00113217;18;0.0423009;93;0.0307099;24;0.0115308;12;0.00207193;2002;0.00224232;999;1.10526;22;0.0169749;11;1.10209;11;0.311829;10;0.0200385;11;0.00173647;11;0.383775;1;0.373041;1;lu;preonly;1.000000;none;cg;0.0005;0.001;0.1;0.001;1;normal;;lu;preonly;582148096;4096;146612224;900964352;9;default;2.54;30;275;29;20;30;275;
# timestamp;hostname;version;nRanks;rankNo;durationAssembleBoundaryConditions;n;durationComputeMappingBetweenMeshes;n;durationInitCellml;n;durationMap;n;durationMapFinalize;n;durationMapPrepare;n;durationParaview1D;n;durationParaview1DInit;n;durationParaview1DReduction;n;durationParaview1DWrite;n;durationParaview2D;n;durationParaview2D3DInit;n;durationParaview3D;n;durationParaview3DInit;n;durationParaview3DReduction;n;durationParaview3DWrite;n;durationParaviewOutput;n;durationReadGeometry;n;durationSetRightHandSide;n;durationSetStiffnessMatrix;n;durationWriteOutput;n;durationWriteOutputParaview;n;durationWriteOutputPythonCallback;n;duration_0D;n;duration_1D;n;duration_3D;n;duration_3D_advanceTimeSpan1;n;duration_3D_advanceTimeSpan2;n;duration_3D_durationSolve;n;duration_3D_transfer12;n;duration_3D_transfer21;n;duration_mechanics;n;duration_mechanics_durationSolve;n;anonymous0_preconditionerType;anonymous0_solverType;currentSimulationTime;diffusionSolver_preconditionerType;diffusionSolver_solverType;dt_0D;dt_1D;dt_3D;dt_splitting;endTime;exit;exit_signal;mechanicsSolver_preconditionerType;mechanicsSolver_solverType;memoryData;memoryPage;memoryResidentSet;memoryVirtual;nInstancesComputedGlobally;scenarioName;totalUsertime;~nDofs;~nDofsmuscle_quadratic;~nElements;~nElementsmuscle_quadratic;~nNodes;~nNodesmuscle_quadratic;
2025/11/28 19:23:37;cmcs09;opendihu 1.5, built Aug  7 2025, C++ 201402, GCC 12.2.0;1;0;1.9054e-05;18;0.0181944;9;0.0254488;18;0.00271019;216;0.00302354;11;7.6771e-05;11;0.010281;24;0.000176097;12;2.865e-06;2;0.00275877;11;0.00052963;24;1.5044e-05;10;0.0196374;24;0.000293547;13;9.639e-06;3;0.010684;13;0.0309757;24;3.295e-06;1;1.918e-06;18;0.00121821;18;0.0424134;93;0.0310704;24;0.0112806;12;0.00205252;2002;0.00223741;999;0.987628;22;0.0165535;11;0.981508;11;0.312294;10;0.0227934;11;0.00170063;11;0.263398;1;0.251743;1;lu;preonly;1.000000;none;cg;0.0005;0.001;0.1;0.001;1;normal;;lu;preonly;582144000;4096;144592896;900960256;9;default;2.38;30;275;29;20;30;275;
# timestamp;hostname;version;nRanks;rankNo;durationAssembleBoundaryConditions;n;durationComputeMappingBetweenMeshes;n;durationInitCellml;n;durationMap;n;durationMapFinalize;n;durationMapPrepare;n;durationParaview1D;n;durationParaview1DInit;n;durationParaview1DReduction;n;durationParaview1DWrite;n;durationParaview2D;n;durationParaview2D3DInit;n;durationParaview3D;n;durationParaview3DInit;n;durationParaview3DReduction;n;durationParaview3DWrite;n;durationParaviewOutput;n;durationReadGeometry;n;durationSetRightHandSide;n;durationSetStiffnessMatrix;n;durationWriteOutput;n;durationWriteOutputParaview;n;durationWriteOutputPythonCallback;n;duration_0D;n;duration_1D;n;duration_3D;n;duration_3D_advanceTimeSpan1;n;duration_3D_advanceTimeSpan2;n;duration_3D_durationSolve;n;duration_3D_transfer12;n;duration_3D_transfer21;n;duration_mechanics;n;duration_mechanics_durationSolve;n;anonymous0_preconditionerType;anonymous0_solverType;currentSimulationTime;diffusionSolver_preconditionerType;diffusionSolver_solverType;dt_0D;dt_1D;dt_3D;dt_splitting;endTime;exit;exit_signal;mechanicsSolver_preconditionerType;mechanicsSolver_solverType;memoryData;memoryPage;memoryResidentSet;memoryVirtual;nInstancesComputedGlobally;scenarioName;totalUsertime;~nDofs;~nDofsmuscle_quadratic;~nElements;~nElementsmuscle_quadratic;~nNodes;~nNodesmuscle_quadratic;
2025/11/28 19:23:47;cmcs09;opendihu 1.5, built Aug  7 2025, C++ 201402, GCC 12.2.0;1;0;2.0088e-05;18;0.0247916;9;0.0282215;18;0.00420663;216;0.00415868;11;0.00019799;11;0.0199545;24;0.000318689;12;6.567e-06;2;0.00488995;11;0.000977052;24;2.6805e-05;10;0.0341483;24;0.000502337;13;1.5488e-05;3;0.0168685;13;0.0560361;24;2.989e-06;1;1.754e-06;18;0.00132929;18;0.0748029;93;0.056282;24;0.0183739;12;0.0034691;2002;0.00315981;999;1.52752;22;0.0315898;11;1.52293;11;0.397593;10;0.0319071;11;0.0029578;11;0.597652;1;0.580848;1;lu;preonly;1.000000;none;cg;0.0005;0.001;0.1;0.001;1;normal;;lu;preonly;582148096;4096;146477056;900964352;9;default;3.06;30;275;29;20;30;275;
# timestamp;hostname;version;nRanks;rankNo;durationAssembleBoundaryConditions;n;durationComputeMappingBetweenMeshes;n;durationInitCellml;n;durationMap;n;durationMapFinalize;n;durationMapPrepare;n;durationParaview1D;n;durationParaview1DInit;n;durationParaview1DReduction;n;durationParaview1DWrite;n;durationParaview2D;n;durationParaview2D3DInit;n;durationParaview3D;n;durationParaview3DInit;n;durationParaview3DReduction;n;durationParaview3DWrite;n;durationParaviewOutput;n;durationReadGeometry;n;durationSetRightHandSide;n;durationSetStiffnessMatrix;n;durationWriteOutput;n;durationWriteOutputParaview;n;durationWriteOutputPythonCallback;n;duration_0D;n;duration_1D;n;duration_3D;n;duration_3D_advanceTimeSpan1;n;duration_3D_advanceTimeSpan2;n;duration_3D_durationSolve;n;duration_3D_transfer12;n;duration_3D_transfer21;n;duration_mechanics;n;duration_mechanics_durationSolve;n;anonymous0_preconditionerType;anonymous0_solverType;currentSimulationTime;diffusionSolver_preconditionerType;diffusionSolver_solverType;dt_0D;dt_1D;dt_3D;dt_splitting;endTime;exit;exit_signal;mechanicsSolver_preconditionerType;mechanicsSolver_solverType;memoryData;memoryPage;memoryResidentSet;memoryVirtual;nInstancesComputedGlobally;scenarioName;totalUsertime;~nDofs;~nDofsmuscle_quadratic;~nElements;~nElementsmuscle_quadratic;~nNodes;~nNodesmuscle_quadratic;
2025/11/28 19:23:58;cmcs09;opendihu 1.5, built Aug  7 2025, C++ 201402, GCC 12.2.0;1;0;2.2535e-05;18;0.0191779;9;0.0344723;18;0.00358875;216;0.00412778;11;0.000157625;11;0.0287651;24;0.000289212;12;5.599e-06;2;0.00310552;11;0.000626964;24;2.3462e-05;10;0.0395716;24;0.000344587;13;1.4437e-05;3;0.0138684;13;0.0695801;24;6.541e-06;1;1.897e-06;18;0.00162582;18;0.0859479;93;0.069802;24;0.0160079;12;0.00273068;2002;0.00264998;999;1.35956;22;0.0380718;11;1.37131;11;0.378228;10;0.0259766;11;0.0025292;11;0.479836;1;0.465961;1;lu;preonly;1.000000;none;cg;0.0005;0.001;0.1;0.001;1;normal;;lu;preonly;582144000;4096;144596992;900960256;9;default;2.76;30;275;29;20;30;275;
# timestamp;hostname;version;nRanks;rankNo;durationAssembleBoundaryConditions;n;durationComputeMappingBetweenMeshes;n;durationInitCellml;n;durationMap;n;durationMapFinalize;n;durationMapPrepare;n;durationParaview1D;n;durationParaview1DInit;n;durationParaview1DReduction;n;durationParaview1DWrite;n;durationParaview2D;n;durationParaview2D3DInit;n;durationParaview3D;n;durationParaview3DInit;n;durationParaview3DReduction;n;durationParaview3DWrite;n;durationParaviewOutput;n;durationReadGeometry;n;durationSetRightHandSide;n;durationSetStiffnessMatrix;n;durationWriteOutput;n;durationWriteOutputParaview;n;durationWriteOutputPythonCallback;n;duration_0D;n;duration_1D;n;duration_3D;n;duration_3D_advanceTimeSpan1;n;duration_3D_advanceTimeSpan2;n;duration_3D_durationSolve;n;duration_3D_transfer12;n;duration_3D_transfer21;n;duration_mechanics;n;duration_mechanics_durationSolve;n;anonymous0_preconditionerType;anonymous0_solverType;currentSimulationTime;diffusionSolver_preconditionerType;diffusionSolver_solverType;dt_0D;dt_1D;dt_3D;dt_splitting;endTime;exit;exit_signal;mechanicsSolver_preconditionerType;mechanicsSolver_solverType;memoryData;memoryPage;memoryResidentSet;memoryVirtual;nInstancesComputedGlobally;scenarioName;totalUsertime;~nDofs;~nDofsmuscle_quadratic;~nElements;~nElementsmuscle_quadratic;~nNodes;~nNodesmuscle_quadratic;
2025/11/28 19:24:08;cmcs09;opendihu 1.5, built Aug  7 2025, C++ 201402, GCC 12.2.0;1;0;2.0421e-05;18;0.0194036;9;0.0312812;18;0.00362769;216;0.00434598;11;0.000164122;11;0.0174431;24;0.000296048;12;5.503e-06;2;0.00373646;11;0.000683115;24;2.3523e-05;10;0.0281801;24;0.000374773;13;1.4257e-05;3;0.013529;13;0.0469626;24;4.626e-06;1;2.346e-06;18;0.00156069;18;0.0632786;93;0.0471825;24;0.015952;12;0.00326616;2002;0.00300296;999;1.49239;22;0.027864;11;1.49227;11;0.372762;10;0.0265151;11;0.00241713;11;0.627446;1;0.614401;1;lu;preonly;1.000000;none;cg;0.0005;0.001;0.1;0.001;1;normal;;lu;preonly;582152192;4096;146513920;900968448;9;default;2.96;30;275;29;20;30;275;
# timestamp;hostname;version;nRanks;rankNo;durationAssembleBoundaryConditions;n;durationComputeMappingBetweenMeshes;n;durationInitCellml;n;durationMap;n;durationMapFinalize;n;durationMapPrepare;n;durationParaview1D;n;durationParaview1DInit;n;durationParaview1DReduction;n;durationParaview1DWrite;n;durationParaview2D;n;durationParaview2D3DInit;n;durationParaview3D;n;durationParaview3DInit;n;durationParaview3DReduction;n;durationParaview3DWrite;n;durationParaviewOutput;n;durationReadGeometry;n;durationSetRightHandSide;n;durationSetStiffnessMatrix;n;durationWriteOutput;n;durationWriteOutputParaview;n;durationWriteOutputPythonCallback;n;duration_0D;n;duration_1D;n;duration_3D;n;duration_3D_advanceTimeSpan1;n;duration_3D_advanceTimeSpan2;n;duration_3D_durationSolve;n;duration_3D_transfer12;n;duration_3D_transfer21;n;duration_mechanics;n;duration_mechanics_durationSolve;n;anonymous0_preconditionerType;anonymous0_solverType;currentSimulationTime;diffusionSolver_preconditionerType;diffusionSolver_solverType;dt_0D;dt_1D;dt_3D;dt_splitting;endTime;exit;exit_signal;mechanicsSolver_preconditionerType;mechanicsSolver_solverType;memoryData;memoryPage;memoryResidentSet;memoryVirtual;nInstancesComputedGlobally;scenarioName;totalUsertime;~nDofs;~nDofsmuscle_quadratic;~nElements;~nElementsmuscle_quadratic;~nNodes;~nNodesmuscle_quadratic;
2025/11/28 19:24:17;cmcs09;opendihu 1.5, built Aug  7 2025, C++ 201402, GCC 12.2.0;1;0;2.1554e-05;18;0.0156067;9;0.0264303;18;0.00269493;216;0.00294728;11;7.3052e-05;11;0.0104266;24;0.000172434;12;3.161e-06;2;0.00280668;11;0.000509566;24;1.4302e-05;10;0.0190434;24;0.000271472;13;7.005e-06;3;0.0103544;13;0.0305083;24;3.64e-06;1;2.441e-06;18;0.00140984;18;0.0420168;93;0.0306048;24;0.0113419;12;0.00206904;2002;0.00224039;999;1.10529;22;0.0167542;11;1.10211;11;0.314657;10;0.0200238;11;0.00171241;11;0.380281;1;0.36952;1;lu;preonly;1.000000;none;cg;0.0005;0.001;0.1;0.001;1;normal;;lu;preonly;582144000;4096;144580608;900960256;9;default;2.49;30;275;29;20;30;275;
# timestamp;hostname;version;nRanks;rankNo;durationAssembleBoundaryConditions;n;durationComputeMappingBetweenMeshes;n;durationInitCellml;n;durationMap;n;durationMapFinalize;n;durationMapPrepare;n;durationParaview1D;n;durationParaview1DInit;n;durationParaview1DReduction;n;durationParaview1DWrite;n;durationParaview2D;n;durationParaview2D3DInit;n;durationParaview3D;n;durationParaview3DInit;n;durationParaview3DReduction;n;durationParaview3DWrite;n;durationParaviewOutput;n;durationReadGeometry;n;durationSetRightHandSide;n;durationSetStiffnessMatrix;n;durationWriteOutput;n;durationWriteOutputParaview;n;durationWriteOutputPythonCallback;n;duration_0D;n;duration_1D;n;duration_3D;n;duration_3D_advanceTimeSpan1;n;duration_3D_advanceTimeSpan2;n;duration_3D_durationSolve;n;duration_3D_transfer12;n;duration_3D_transfer21;n;duration_mechanics;n;duration_mechanics_durationSolve;n;anonymous0_preconditionerType;anonymous0_solverType;currentSimulationTime;diffusionSolver_preconditionerType;diffusionSolver_solverType;dt_0D;dt_1D;dt_3D;dt_splitting;endTime;exit;exit_signal;mechanicsSolver_preconditionerType;mechanicsSolver_solverType;memoryData;memoryPage;memoryResidentSet;memoryVirtual;nInstancesComputedGlobally;scenarioName;totalUsertime;~nDofs;~nDofsmuscle_quadratic;~nElements;~nElementsmuscle_quadratic;~nNodes;~nNodesmuscle_quadratic;
2025/11/28 19:24:25;cmcs09;opendihu 1.5, built Aug  7 2025, C++ 201402, GCC 12.2.0;1;0;1.7301e-05;18;0.0155569;9;0.0233914;18;0.00270545;216;0.00303181;11;7.6478e-05;11;0.0103613;24;0.000177496;12;2.926e-06;2;0.00276245;11;0.000533944;24;1.5276e-05;10;0.0192745;24;0.000297619;13;7.063e-06;3;0.010344;13;0.0306991;24;3.509e-06;1;2.071e-06;18;0.00113935;18;0.0425848;93;0.0307953;24;0.0117263;12;0.00208366;2002;0.00224499;999;1.11169;22;0.0167775;11;1.10865;11;0.316469;10;0.0200515;11;0.00171841;11;0.385599;1;0.3747;1;lu;preonly;1.000000;none;cg;0.0005;0.001;0.1;0.001;1;normal;;lu;preonly;582139904;4096;146358272;900956160;9;default;2.5;30;275;29;20;30;275;
# timestamp;hostname;version;nRanks;rankNo;durationAssembleBoundaryConditions;n;durationComputeMappingBetweenMeshes;n;durationInitCellml;n;durationMap;n;durationMapFinalize;n;durationMapPrepare;n;durationParaview1D;n;durationParaview1DInit;n;durationParaview1DReduction;n;durationParaview1DWrite;n;durationParaview2D;n;durationParaview2D3DInit;n;durationParaview3D;n;durationParaview3DInit;n;durationParaview3DReduction;n;durationParaview3DWrite;n;durationParaviewOutput;n;durationReadGeometry;n;durationSetRightHandSide;n;durationSetStiffnessMatrix;n;durationWriteOutput;n;durationWriteOutputParaview;n;durationWriteOutputPythonCallback;n;duration_0D;n;duration_1D;n;duration_3D;n;duration_3D_advanceTimeSpan1;n;duration_3D_advanceTimeSpan2;n;duration_3D_durationSolve;n;duration_3D_transfer12;n;duration_3D_transfer21;n;duration_mechanics;n;duration_mechanics_durationSolve;n;anonymous0_preconditionerType;anonymous0_solverType;currentSimulationTime;diffusionSolver_preconditionerType;diffusionSolver_solverType;dt_0D;dt_1D;dt_3D;dt_splitting;endTime;exit;exit_signal;mechanicsSolver_preconditionerType;mechanicsSolver_solverType;memoryData;memoryPage;memoryResidentSet;memoryVirtual;nInstancesComputedGlobally;scenarioName;totalUsertime;~nDofs;~nDofsmuscle_quadratic;~nElements;~nElementsmuscle_quadratic;~nNodes;~nNodesmuscle_quadratic;
2025/11/28 19:24:32;cmcs09;opendihu 1.5, built Aug  7 2025, C++ 201402, GCC 12.2.0;1;0;1.8825e-05;18;0.0154598;9;0.0235093;18;0.00271569;216;0.00293225;11;7.1286e-05;11;0.0103439;24;0.000175408;12;3.046e-06;2;0.00278104;11;0.000517508;24;1.382e-05;10;0.0189409;24;0.000278705;13;7.28e-06;3;0.0103317;13;0.0303589;24;3.284e-06;1;2.06e-06;18;0.00114315;18;0.0416527;93;0.0304557;24;0.0111379;12;0.00208499;2002;0.00223846;999;1.1049;22;0.0165538;11;1.10176;11;0.31355;10;0.0198507;11;0.00170733;11;0.380142;1;0.369432;1;lu;preonly;1.000000;none;cg;0.0005;0.001;0.1;0.001;1;normal;;lu;preonly;582152192;4096;146497536;900968448;9;default;2.45;30;275;29;20;30;275;
# timestamp;hostname;version;nRanks;rankNo;durationAssembleBoundaryConditions;n;durationComputeMappingBetweenMeshes;n;durationInitCellml;n;durationMap;n;durationMapFinalize;n;durationMapPrepare;n;durationParaview1D;n;durationParaview1DInit;n;durationParaview1DReduction;n;durationParaview1DWrite;n;durationParaview2D;n;durationParaview2D3DInit;n;durationParaview3D;n;durationParaview3DInit;n;durationParaview3DReduction;n;durationParaview3DWrite;n;durationParaviewOutput;n;durationReadGeometry;n;durationSetRightHandSide;n;durationSetStiffnessMatrix;n;durationWriteOutput;n;durationWriteOutputParaview;n;durationWriteOutputPythonCallback;n;duration_0D;n;duration_1D;n;duration_3D;n;duration_3D_advanceTimeSpan1;n;duration_3D_advanceTimeSpan2;n;duration_3D_durationSolve;n;duration_3D_transfer12;n;duration_3D_transfer21;n;duration_mechanics;n;duration_mechanics_durationSolve;n;anonymous0_preconditionerType;anonymous0_solverType;currentSimulationTime;diffusionSolver_preconditionerType;diffusionSolver_solverType;dt_0D;dt_1D;dt_3D;dt_splitting;endTime;exit;exit_signal;mechanicsSolver_preconditionerType;mechanicsSolver_solverType;memoryData;memoryPage;memoryResidentSet;memoryVirtual;nInstancesComputedGlobally;scenarioName;totalUsertime;~nDofs;~nDofsmuscle_quadratic;~nElements;~nElementsmuscle_quadratic;~nNodes;~nNodesmuscle_quadratic;
2025/11/28 19:24:40;cmcs09;opendihu 1.5, built Aug  7 2025, C++ 201402, GCC 12.2.0;1;0;1.718e-05;18;0.0166321;9;0.023796;18;0.00278539;216;0.00298456;11;8.9914e-05;11;0.0107834;24;0.000185423;12;3.296e-06;2;0.0028062;11;0.000535301;24;1.627e-05;10;0.0202767;24;0.000284346;13;9.852e-06;3;0.0105118;13;0.0321379;24;3.428e-06;1;2.191e-06;18;0.00115299;18;0.0445868;93;0.0322592;24;0.0122547;12;0.00206851;2002;0.00224814;999;1.0221;22;0.0174879;11;1.01863;11;0.315886;10;0.0212891;11;0.00180073;11;0.291438;1;0.27994;1;lu;preonly;1.000000;none;cg;0.0005;0.001;0.1;0.001;1;normal;;lu;preonly;582148096;4096;144556032;900964352;9;default;2.42;30;275;29;20;30;275;
# timestamp;hostname;version;nRanks;rankNo;durationAssembleBoundaryConditions;n;durationComputeMappingBetweenMeshes;n;durationInitCellml;n;durationMap;n;durationMapFinalize;n;durationMapPrepare;n;durationParaview1D;n;durationParaview1DInit;n;durationParaview1DReduction;n;durationParaview1DWrite;n;durationParaview2D;n;durationParaview2D3DInit;n;durationParaview3D;n;durationParaview3DInit;n;durationParaview3DReduction;n;durationParaview3DWrite;n;durationParaviewOutput;n;durationReadGeometry;n;durationSetRightHandSide;n;durationSetStiffnessMatrix;n;durationWriteOutput;n;durationWriteOutputParaview;n;durationWriteOutputPythonCallback;n;duration_0D;n;duration_1D;n;duration_3D;n;duration_3D_advanceTimeSpan1;n;duration_3D_advanceTimeSpan2;n;duration_3D_durationSolve;n;duration_3D_transfer12;n;duration_3D_transfer21;n;duration_mechanics;n;duration_mechanics_durationSolve;n;anonymous0_preconditionerType;anonymous0_solverType;currentSimulationTime;diffusionSolver_preconditionerType;diffusionSolver_solverType;dt_0D;dt_1D;dt_3D;dt_splitting;endTime;exit;exit_signal;mechanicsSolver_preconditionerType;mechanicsSolver_solverType;memoryData;memoryPage;memoryResidentSet;memoryVirtual;nInstancesComputedGlobally;scenarioName;totalUsertime;~nDofs;~nDofsmuscle_quadratic;~nElements;~nElementsmuscle_quadratic;~nNodes;~nNodesmuscle_quadratic;
2025/11/28 19:24:49;cmcs09;opendihu 1.5, built Aug  7 2025, C++ 201402, GCC 12.2.0;1;0;1.8707e-05;18;0.0159199;9;0.0235313;18;0.00285499;216;0.0031604;11;9.0012e-05;11;0.01159;24;0.000178804;12;3.542e-06;2;0.00287718;11;0.000532623;24;1.4956e-05;10;0.0214853;24;0.000283294;13;8.225e-06;3;0.0108189;13;0.0341702;24;3.342e-06;1;2.206e-06;18;0.00114613;18;0.0470561;93;0.0343024;24;0.0126659;12;0.00208433;2002;0.00225958;999;1.14554;22;0.0187924;11;1.14507;11;0.324254;10;0.0206957;11;0.00194027;11;0.393693;1;0.375535;1;lu;preonly;1.000000;none;cg;0.0005;0.001;0.1;0.001;1;normal;;lu;preonly;582144000;4096;144404480;900960256;9;default;2.51;30;275;29;20;30;275;
# timestamp;hostname;version;nRanks;rankNo;durationAssembleBoundaryConditions;n;durationComputeMappingBetweenMeshes;n;durationInitCellml;n;durationMap;n;durationMapFinalize;n;durationMapPrepare;n;durationParaview1D;n;durationParaview1DInit;n;durationParaview1DReduction;n;durationParaview1DWrite;n;durationParaview2D;n;durationParaview2D3DInit;n;durationParaview3D;n;durationParaview3DInit;n;durationParaview3DReduction;n;durationParaview3DWrite;n;durationParaviewOutput;n;durationReadGeometry;n;durationSetRightHandSide;n;durationSetStiffnessMatrix;n;durationWriteOutput;n;durationWriteOutputParaview;n;durationWriteOutputPythonCallback;n;duration_0D;n;duration_1D;n;duration_3D;n;duration_3D_advanceTimeSpan1;n;duration_3D_advanceTimeSpan2;n;duration_3D_durationSolve;n;duration_3D_transfer12;n;duration_3D_transfer21;n;duration_mechanics;n;duration_mechanics_durationSolve;n;anonymous0_preconditionerType;anonymous0_solverType;currentSimulationTime;diffusionSolver_preconditionerType;diffusionSolver_solverType;dt_0D;dt_1D;dt_3D;dt_splitting;endTime;exit;exit_signal;mechanicsSolver_preconditionerType;mechanicsSolver_solverType;memoryData;memoryPage;memoryResidentSet;memoryVirtual;nInstancesComputedGlobally;scenarioName;totalUsertime;~nDofs;~nDofsmuscle_quadratic;~nElements;~nElementsmuscle_quadratic;~nNodes;~nNodesmuscle_quadratic;
2025/11/28 19:26:09;cmcs09;opendihu 1.5, built Aug  7 2025, C++ 201402, GCC 12.2.0;1;0;1.7572e-05;18;0.0155263;9;0.0233922;18;0.00270676;216;0.00292344;11;7.2297e-05;11;0.0103792;24;0.000177406;12;3.288e-06;2;0.00276824;11;0.000523367;24;1.488e-05;10;0.019236;24;0.000279187;13;8.256e-06;3;0.010434;13;0.0306731;24;3.227e-06;1;1.623e-06;18;0.00115833;18;0.0420963;93;0.0307665;24;0.0112716;12;0.0020568;2002;0.00223561;999;1.11623;22;0.0167331;11;1.11351;11;0.312414;10;0.0199589;11;0.00172033;11;0.394467;1;0.383708;1;lu;preonly;1.000000;none;cg;0.0005;0.001;0.1;0.001;1;normal;;lu;preonly;582148096;4096;144273408;900964352;9;default;2.53;30;275;29;20;30;275;
# timestamp;hostname;version;nRanks;rankNo;durationAssembleBoundaryConditions;n;durationComputeMappingBetweenMeshes;n;durationInitCellml;n;durationMap;n;durationMapFinalize;n;durationMapPrepare;n;durationParaview1D;n;durationParaview1DInit;n;durationParaview1DReduction;n;durationParaview1DWrite;n;durationParaview2D;n;durationParaview2D3DInit;n;durationParaview3D;n;durationParaview3DInit;n;durationParaview3DReduction;n;durationParaview3DWrite;n;durationParaviewOutput;n;durationReadGeometry;n;durationSetRightHandSide;n;durationSetStiffnessMatrix;n;durationWriteOutput;n;durationWriteOutputParaview;n;durationWriteOutputPythonCallback;n;duration_0D;n;duration_1D;n;duration_3D;n;duration_3D_advanceTimeSpan1;n;duration_3D_advanceTimeSpan2;n;duration_3D_durationSolve;n;duration_3D_transfer12;n;duration_3D_transfer21;n;duration_mechanics;n;duration_mechanics_durationSolve;n;anonymous0_preconditionerType;anonymous0_solverType;currentSimulationTime;diffusionSolver_preconditionerType;diffusionSolver_solverType;dt_0D;dt_1D;dt_3D;dt_splitting;endTime;exit;exit_signal;mechanicsSolver_preconditionerType;mechanicsSolver_solverType;memoryData;memoryPage;memoryResidentSet;memoryVirtual;nInstancesComputedGlobally;scenarioName;totalUsertime;~nDofs;~nDofsmuscle_quadratic;~nElements;~nElementsmuscle_quadratic;~nNodes;~nNodesmuscle_quadratic;
2025/11/28 19:26:17;cmcs09;opendihu 1.5, built Aug  7 2025, C++ 201402, GCC 12.2.0;1;0;1.9466e-05;18;0.0154705;9;0.0237731;18;0.00299077;216;0.00341695;11;8.887e-05;11;0.0125032;24;0.000182246;12;3.152e-06;2;0.00342989;11;0.000537713;24;1.5397e-05;10;0.0213089;24;0.000275633;13;8.253e-06;3;0.0107622;13;0.0349203;24;3.325e-06;1;1.764e-06;18;0.00121561;18;0.0484144;93;0.0350651;24;0.0132583;12;0.00222339;2002;0.00234841;999;1.00993;22;0.0199812;11;1.01006;11;0.324461;10;0.020615;11;0.00197976;11;0.262512;1;0.250589;1;lu;preonly;1.000000;none;cg;0.0005;0.001;0.1;0.001;1;normal;;lu;preonly;582144000;4096;146546688;900960256;9;default;2.41;30;275;29;20;30;275;
# timestamp;hostname;version;nRanks;rankNo;durationAssembleBoundaryConditions;n;durationComputeMappingBetweenMeshes;n;durationInitCellml;n;durationMap;n;durationMapFinalize;n;durationMapPrepare;n;durationParaview1D;n;durationParaview1DInit;n;durationParaview1DReduction;n;durationParaview1DWrite;n;durationParaview2D;n;durationParaview2D3DInit;n;durationParaview3D;n;durationParaview3DInit;n;durationParaview3DReduction;n;durationParaview3DWrite;n;durationParaviewOutput;n;durationReadGeometry;n;durationSetRightHandSide;n;durationSetStiffnessMatrix;n;durationWriteOutput;n;durationWriteOutputParaview;n;durationWriteOutputPythonCallback;n;duration_0D;n;duration_1D;n;duration_3D;n;duration_3D_advanceTimeSpan1;n;duration_3D_advanceTimeSpan2;n;duration_3D_durationSolve;n;duration_3D_transfer12;n;duration_3D_transfer21;n;duration_mechanics;n;duration_mechanics_durationSolve;n;anonymous0_preconditionerType;anonymous0_solverType;currentSimulationTime;diffusionSolver_preconditionerType;diffusionSolver_solverType;dt_0D;dt_1D;dt_3D;dt_splitting;endTime;exit;exit_signal;mechanicsSolver_preconditionerType;mechanicsSolver_solverType;memoryData;memoryPage;memoryResidentSet;memoryVirtual;nInstancesComputedGlobally;scenarioName;totalUsertime;~nDofs;~nDofsmuscle_quadratic;~nElements;~nElementsmuscle_quadratic;~nNodes;~nNodesmuscle_quadratic;
2025/11/28 19:26:25;cmcs09;opendihu 1.5, built Aug  7 2025, C++ 201402, GCC 12.2.0;1;0;1.7693e-05;18;0.0153821;9;0.0240577;18;0.00275974;216;0.00295604;11;8.0727e-05;11;0.0106714;24;0.000171788;12;3.231e-06;2;0.00281782;11;0.000515943;24;1.4569e-05;10;0.0196753;24;0.000272675;13;7.016e-06;3;0.0106199;13;0.0314127;24;3.957e-06;1;1.973e-06;18;0.00118376;18;0.0439134;93;0.0315124;24;0.0123345;12;0.0020833;2002;0.00223534;999;1.10765;22;0.0172264;11;1.10521;11;0.314595;10;0.019868;11;0.00174898;11;0.383443;1;0.372348;1;lu;preonly;1.000000;none;cg;0.0005;0.001;0.1;0.001;1;normal;;lu;preonly;582139904;4096;144277504;900956160;9;default;2.46;30;275;29;20;30;275;
# timestamp;hostname;version;nRanks;rankNo;durationAssembleBoundaryConditions;n;durationComputeMappingBetweenMeshes;n;durationInitCellml;n;durationMap;n;durationMapFinalize;n;durationMapPrepare;n;durationParaview1D;n;durationParaview1DInit;n;durationParaview1DReduction;n;durationParaview1DWrite;n;durationParaview2D;n;durationParaview2D3DInit;n;durationParaview3D;n;durationParaview3DInit;n;durationParaview3DReduction;n;durationParaview3DWrite;n;durationParaviewOutput;n;durationReadGeometry;n;durationSetRightHandSide;n;durationSetStiffnessMatrix;n;durationWriteOutput;n;durationWriteOutputParaview;n;durationWriteOutputPythonCallback;n;duration_0D;n;duration_1D;n;duration_3D;n;duration_3D_advanceTimeSpan1;n;duration_3D_advanceTimeSpan2;n;duration_3D_durationSolve;n;duration_3D_transfer12;n;duration_3D_transfer21;n;duration_mechanics;n;duration_mechanics_durationSolve;n;anonymous0_preconditionerType;anonymous0_solverType;currentSimulationTime;diffusionSolver_preconditionerType;diffusionSolver_solverType;dt_0D;dt_1D;dt_3D;dt_splitting;endTime;exit;exit_signal;mechanicsSolver_preconditionerType;mechanicsSolver_solverType;memoryData;memoryPage;memoryResidentSet;memoryVirtual;nInstancesComputedGlobally;scenarioName;totalUsertime;~nDofs;~nDofsmuscle_quadratic;~nElements;~nElementsmuscle_quadratic;~nNodes;~nNodesmuscle_quadratic;
2025/11/28 19:26:33;cmcs09;opendihu 1.5, built Aug  7 2025, C++ 201402, GCC 12.2.0;1;0;1.8966e-05;18;0.0155542;9;0.0238329;18;0.00272264;216;0.00296709;11;7.761e-05;11;0.0107365;24;0.000174454;12;2.962e-06;2;0.0027647;11;0.000517425;24;1.4599e-05;10;0.0201401;24;0.000271305;13;6.987e-06;3;0.0102965;13;0.0319521;24;3.764e-06;1;1.902e-06;18;0.00127473;18;0.0448756;93;0.0320637;24;0.0127406;12;0.0021007;2002;0.00224262;999;1.13529;22;0.0176039;11;1.13379;11;0.318432;10;0.0200113;11;0.00180244;11;0.39556;1;0.384702;1;lu;preonly;1.000000;none;cg;0.0005;0.001;0.1;0.001;1;normal;;lu;preonly;582139904;4096;146399232;900956160;9;default;2.56;30;275;29;20;30;275;
# timestamp;hostname;version;nRanks;rankNo;durationAssembleBoundaryConditions;n;durationComputeMappingBetweenMeshes;n;durationInitCellml;n;durationMap;n;durationMapFinalize;n;durationMapPrepare;n;durationParaview1D;n;durationParaview1DInit;n;durationParaview1DReduction;n;durationParaview1DWrite;n;durationParaview2D;n;durationParaview2D3DInit;n;durationParaview3D;n;durationParaview3DInit;n;durationParaview3DReduction;n;durationParaview3DWrite;n;durationParaviewOutput;n;durationReadGeometry;n;durationSetRightHandSide;n;durationSetStiffnessMatrix;n;durationWriteOutput;n;durationWriteOutputParaview;n;durationWriteOutputPythonCallback;n;duration_0D;n;duration_1D;n;duration_3D;n;duration_3D_advanceTimeSpan1;n;duration_3D_advanceTimeSpan2;n;duration_3D_durationSolve;n;duration_3D_transfer12;n;duration_3D_transfer21;n;duration_mechanics;n;duration_mechanics_durationSolve;n;anonymous0_preconditionerType;anonymous0_solverType;currentSimulationTime;diffusionSolver_preconditionerType;diffusionSolver_solverType;dt_0D;dt_1D;dt_3D;dt_splitting;endTime;exit;exit_signal;mechanicsSolver_preconditionerType;mechanicsSolver_solverType;memoryData;memoryPage;memoryResidentSet;memoryVirtual;nInstancesComputedGlobally;scenarioName;totalUsertime;~nDofs;~nDofsmuscle_quadratic;~nElements;~nElementsmuscle_quadratic;~nNodes;~nNodesmuscle_quadratic;
2025/11/28 19:26:41;cmcs09;opendihu 1.5, built Aug  7 2025, C++ 201402, GCC 12.2.0;1;0;1.6395e-05;18;0.0155602;9;0.0232902;18;0.00271348;216;0.00294383;11;7.3383e-05;11;0.0157607;24;0.000176564;12;3.175e-06;2;0.00275997;11;0.000561091;24;1.5219e-05;10;0.0189608;24;0.000358692;13;6.682e-06;3;0.0102153;13;0.0358126;24;3.964e-06;1;1.567e-06;18;0.00115533;18;0.0475173;93;0.0359073;24;0.0115528;12;0.00205837;2002;0.00224794;999;1.11366;22;0.0221364;11;1.10504;11;0.315323;10;0.0200376;11;0.00170606;11;0.382712;1;0.371993;1;lu;preonly;1.000000;none;cg;0.0005;0.001;0.1;0.001;1;normal;;lu;preonly;582144000;4096;144416768;900960256;9;default;2.47;30;275;29;20;30;275;
# timestamp;hostname;version;nRanks;rankNo;durationAssembleBoundaryConditions;n;durationComputeMappingBetweenMeshes;n;durationInitCellml;n;durationMap;n;durationMapFinalize;n;durationMapPrepare;n;durationParaview1D;n;durationParaview1DInit;n;durationParaview1DReduction;n;durationParaview1DWrite;n;durationParaview2D;n;durationParaview2D3DInit;n;durationParaview3D;n;durationParaview3DInit;n;durationParaview3DReduction;n;durationParaview3DWrite;n;durationParaviewOutput;n;durationReadGeometry;n;durationSetRightHandSide;n;durationSetStiffnessMatrix;n;durationWriteOutput;n;durationWriteOutputParaview;n;durationWriteOutputPythonCallback;n;duration_0D;n;duration_1D;n;duration_3D;n;duration_3D_advanceTimeSpan1;n;duration_3D_advanceTimeSpan2;n;duration_3D_durationSolve;n;duration_3D_transfer12;n;duration_3D_transfer21;n;duration_mechanics;n;duration_mechanics_durationSolve;n;anonymous0_preconditionerType;anonymous0_solverType;currentSimulationTime;diffusionSolver_preconditionerType;diffusionSolver_solverType;dt_0D;dt_1D;dt_3D;dt_splitting;endTime;exit;exit_signal;mechanicsSolver_preconditionerType;mechanicsSolver_solverType;memoryData;memoryPage;memoryResidentSet;memoryVirtual;nInstancesComputedGlobally;scenarioName;totalUsertime;~nDofs;~nDofsmuscle_quadratic;~nElements;~nElementsmuscle_quadratic;~nNodes;~nNodesmuscle_quadratic;
2025/11/28 19:26:49;cmcs09;opendihu 1.5, built Aug  7 2025, C++ 201402, GCC 12.2.0;1;0;1.7796e-05;18;0.0156837;9;0.0232532;18;0.00268413;216;0.0029323;11;7.5696e-05;11;0.0102023;24;0.000178632;12;2.908e-06;2;0.00276038;11;0.000511816;24;1.4001e-05;10;0.0189087;24;0.000272709;13;6.72e-06;3;0.01023;13;0.0301457;24;3.42e-06;1;1.759e-06;18;0.00114233;18;0.0414344;93;0.0302417;24;0.0111349;12;0.00207812;2002;0.00224745;999;0.982143;22;0.0164066;11;0.978866;11;0.311491;10;0.0200882;11;0.00167456;11;0.262261;1;0.251524;1;lu;preonly;1.000000;none;cg;0.0005;0.001;0.1;0.001;1;normal;;lu;preonly;582144000;4096;144457728;900960256;9;default;2.4;30;275;29;20;30;275;
# timestamp;hostname;version;nRanks;rankNo;durationAssembleBoundaryConditions;n;durationComputeMappingBetweenMeshes;n;durationInitCellml;n;durationMap;n;durationMapFinalize;n;durationMapPrepare;n;durationParaview1D;n;durationParaview1DInit;n;durationParaview1DReduction;n;durationParaview1DWrite;n;durationParaview2D;n;durationParaview2D3DInit;n;durationParaview3D;n;durationParaview3DInit;n;durationParaview3DReduction;n;durationParaview3DWrite;n;durationParaviewOutput;n;durationReadGeometry;n;durationSetRightHandSide;n;durationSetStiffnessMatrix;n;durationWriteOutput;n;durationWriteOutputParaview;n;durationWriteOutputPythonCallback;n;duration_0D;n;duration_1D;n;duration_3D;n;duration_3D_advanceTimeSpan1;n;duration_3D_advanceTimeSpan2;n;duration_3D_durationSolve;n;duration_3D_transfer12;n;duration_3D_transfer21;n;duration_mechanics;n;duration_mechanics_durationSolve;n;anonymous0_preconditionerType;anonymous0_solverType;currentSimulationTime;diffusionSolver_preconditionerType;diffusionSolver_solverType;dt_0D;dt_1D;dt_3D;dt_splitting;endTime;exit;exit_signal;mechanicsSolver_preconditionerType;mechanicsSolver_solverType;memoryData;memoryPage;memoryResidentSet;memoryVirtual;nInstancesComputedGlobally;scenarioName;totalUsertime;~nDofs;~nDofsmuscle_quadratic;~nElements;~nElementsmuscle_quadratic;~nNodes;~nNodesmuscle_quadratic;
2025/11/28 19:35:24;cmcs09;opendihu 1.5, built Aug  7 2025, C++ 201402, GCC 12.2.0;1;0;1.6388e-05;18;0.0156784;9;0.0232499;18;0.00271284;216;0.00292946;11;7.1968e-05;11;0.0103357;24;0.000175147;12;3.478e-06;2;0.00276513;11;0.000531195;24;1.3985e-05;10;0.0188137;24;0.00028673;13;6.906e-06;3;0.0102526;13;0.0302087;24;3.322e-06;1;2.1e-06;18;0.00112628;18;0.041512;93;0.0303053;24;0.0111492;12;0.00208613;2002;0.00224383;999;1.10308;22;0.0166181;11;1.09969;11;0.311667;10;0.0200903;11;0.00168608;11;0.38281;1;0.372019;1;lu;preonly;1.000000;none;cg;0.0005;0.001;0.1;0.001;1;normal;;lu;preonly;582144000;4096;146534400;900960256;9;default;2.51;30;275;29;20;30;275;
# timestamp;hostname;version;nRanks;rankNo;durationAssembleBoundaryConditions;n;durationComputeMappingBetweenMeshes;n;durationInitCellml;n;durationMap;n;durationMapFinalize;n;durationMapPrepare;n;durationParaview1D;n;durationParaview1DInit;n;durationParaview1DReduction;n;durationParaview1DWrite;n;durationParaview2D;n;durationParaview2D3DInit;n;durationParaview3D;n;durationParaview3DInit;n;durationParaview3DReduction;n;durationParaview3DWrite;n;durationParaviewOutput;n;durationReadGeometry;n;durationSetRightHandSide;n;durationSetStiffnessMatrix;n;durationWriteOutput;n;durationWriteOutputParaview;n;durationWriteOutputPythonCallback;n;duration_0D;n;duration_1D;n;duration_3D;n;duration_3D_advanceTimeSpan1;n;duration_3D_advanceTimeSpan2;n;duration_3D_durationSolve;n;duration_3D_transfer12;n;duration_3D_transfer21;n;duration_mechanics;n;duration_mechanics_durationSolve;n;anonymous0_preconditionerType;anonymous0_solverType;currentSimulationTime;diffusionSolver_preconditionerType;diffusionSolver_solverType;dt_0D;dt_1D;dt_3D;dt_splitting;endTime;exit;exit_signal;mechanicsSolver_preconditionerType;mechanicsSolver_solverType;memoryData;memoryPage;memoryResidentSet;memoryVirtual;nInstancesComputedGlobally;scenarioName;totalUsertime;~nDofs;~nDofsmuscle_quadratic;~nElements;~nElementsmuscle_quadratic;~nNodes;~nNodesmuscle_quadratic;
2025/11/28 19:35:32;cmcs09;opendihu 1.5, built Aug  7 2025, C++ 201402, GCC 12.2.0;1;0;1.7141e-05;18;0.015469;9;0.023556;18;0.00269766;216;0.00296567;11;7.0422e-05;11;0.0104005;24;0.000173987;12;3.023e-06;2;0.00275736;11;0.00052551;24;1.3888e-05;10;0.018768;24;0.000283129;13;6.703e-06;3;0.0101932;13;0.0302228;24;3.344e-06;1;2.125e-06;18;0.00113316;18;0.0415831;93;0.030324;24;0.0111995;12;0.00208679;2002;0.002249;999;0.980914;22;0.0167603;11;0.977767;11;0.311574;10;0.019923;11;0.00168476;11;0.261086;1;0.250364;1;lu;preonly;1.000000;none;cg;0.0005;0.001;0.1;0.001;1;normal;;lu;preonly;582148096;4096;146624512;900964352;9;default;2.38;30;275;29;20;30;275;
# timestamp;hostname;version;nRanks;rankNo;durationAssembleBoundaryConditions;n;durationComputeMappingBetweenMeshes;n;durationInitCellml;n;durationMap;n;durationMapFinalize;n;durationMapPrepare;n;durationParaview1D;n;durationParaview1DInit;n;durationParaview1DReduction;n;durationParaview1DWrite;n;durationParaview2D;n;durationParaview2D3DInit;n;durationParaview3D;n;durationParaview3DInit;n;durationParaview3DReduction;n;durationParaview3DWrite;n;durationParaviewOutput;n;durationReadGeometry;n;durationSetRightHandSide;n;durationSetStiffnessMatrix;n;durationWriteOutput;n;durationWriteOutputParaview;n;durationWriteOutputPythonCallback;n;duration_0D;n;duration_1D;n;duration_3D;n;duration_3D_advanceTimeSpan1;n;duration_3D_advanceTimeSpan2;n;duration_3D_durationSolve;n;duration_3D_transfer12;n;duration_3D_transfer21;n;duration_mechanics;n;duration_mechanics_durationSolve;n;anonymous0_preconditionerType;anonymous0_solverType;currentSimulationTime;diffusionSolver_preconditionerType;diffusionSolver_solverType;dt_0D;dt_1D;dt_3D;dt_splitting;endTime;exit;exit_signal;mechanicsSolver_preconditionerType;mechanicsSolver_solverType;memoryData;memoryPage;memoryResidentSet;memoryVirtual;nInstancesComputedGlobally;scenarioName;totalUsertime;~nDofs;~nDofsmuscle_quadratic;~nElements;~nElementsmuscle_quadratic;~nNodes;~nNodesmuscle_quadratic;
2025/11/28 19:35:40;cmcs09;opendihu 1.5, built Aug  7 2025, C++ 201402, GCC 12.2.0;1;0;1.7625e-05;18;0.015494;9;0.0235835;18;0.00273606;216;0.00294364;11;7.4686e-05;11;0.0103386;24;0.000175666;12;2.854e-06;2;0.0027868;11;0.000530445;24;1.45e-05;10;0.0193716;24;0.000280742;13;7.127e-06;3;0.0102666;13;0.0307735;24;3.895e-06;1;1.899e-06;18;0.00112639;18;0.0422215;93;0.0308665;24;0.0112949;12;0.00204816;2002;0.00224073;999;1.11991;22;0.0165848;11;1.11711;11;0.311529;10;0.0199392;11;0.00173096;11;0.399407;1;0.388639;1;lu;preonly;1.000000;none;cg;0.0005;0.001;0.1;0.001;1;normal;;lu;preonly;582148096;4096;144453632;900964352;9;default;2.53;30;275;29;20;30;275;
# timestamp;hostname;version;nRanks;rankNo;durationAssembleBoundaryConditions;n;durationComputeMappingBetweenMeshes;n;durationInitCellml;n;durationMap;n;durationMapFinalize;n;durationMapPrepare;n;durationParaview1D;n;durationParaview1DInit;n;durationParaview1DReduction;n;durationParaview1DWrite;n;durationParaview2D;n;durationParaview2D3DInit;n;durationParaview3D;n;durationParaview3DInit;n;durationParaview3DReduction;n;durationParaview3DWrite;n;durationParaviewOutput;n;durationReadGeometry;n;durationSetRightHandSide;n;durationSetStiffnessMatrix;n;durationWriteOutput;n;durationWriteOutputParaview;n;durationWriteOutputPythonCallback;n;duration_0D;n;duration_1D;n;duration_3D;n;duration_3D_advanceTimeSpan1;n;duration_3D_advanceTimeSpan2;n;duration_3D_durationSolve;n;duration_3D_transfer12;n;duration_3D_transfer21;n;duration_mechanics;n;duration_mechanics_durationSolve;n;anonymous0_preconditionerType;anonymous0_solverType;currentSimulationTime;diffusionSolver_preconditionerType;diffusionSolver_solverType;dt_0D;dt_1D;dt_3D;dt_splitting;endTime;exit;exit_signal;mechanicsSolver_preconditionerType;mechanicsSolver_solverType;memoryData;memoryPage;memoryResidentSet;memoryVirtual;nInstancesComputedGlobally;scenarioName;totalUsertime;~nDofs;~nDofsmuscle_quadratic;~nElements;~nElementsmuscle_quadratic;~nNodes;~nNodesmuscle_quadratic;
2025/11/28 19:35:48;cmcs09;opendihu 1.5, built Aug  7 2025, C++ 201402, GCC 12.2.0;1;0;1.6998e-05;18;0.0159807;9;0.023162;18;0.00275111;216;0.00295908;11;0.000109029;11;0.0110954;24;0.000178314;12;3.316e-06;2;0.00306144;11;0.000540558;24;1.5182e-05;10;0.0197489;24;0.000291174;13;8.055e-06;3;0.0103329;13;0.0319189;24;3.545e-06;1;1.844e-06;18;0.0011301;18;0.0439135;93;0.0320282;24;0.0118162;12;0.00209772;2002;0.00224167;999;1.13414;22;0.0177221;11;1.13084;11;0.317193;10;0.0205321;11;0.00179022;11;0.398722;1;0.387761;1;lu;preonly;1.000000;none;cg;0.0005;0.001;0.1;0.001;1;normal;;lu;preonly;582139904;4096;144437248;900956160;9;default;2.54;30;275;29;20;30;275;
# timestamp;hostname;version;nRanks;rankNo;durationAssembleBoundaryConditions;n;durationComputeMappingBetweenMeshes;n;durationInitCellml;n;durationMap;n;durationMapFinalize;n;durationMapPrepare;n;durationParaview1D;n;durationParaview1DInit;n;durationParaview1DReduction;n;durationParaview1DWrite;n;durationParaview2D;n;durationParaview2D3DInit;n;durationParaview3D;n;durationParaview3DInit;n;durationParaview3DReduction;n;durationParaview3DWrite;n;durationParaviewOutput;n;durationReadGeometry;n;durationSetRightHandSide;n;durationSetStiffnessMatrix;n;durationWriteOutput;n;durationWriteOutputParaview;n;durationWriteOutputPythonCallback;n;duration_0D;n;duration_1D;n;duration_3D;n;duration_3D_advanceTimeSpan1;n;duration_3D_advanceTimeSpan2;n;duration_3D_durationSolve;n;duration_3D_transfer12;n;duration_3D_transfer21;n;duration_mechanics;n;duration_mechanics_durationSolve;n;anonymous0_preconditionerType;anonymous0_solverType;currentSimulationTime;diffusionSolver_preconditionerType;diffusionSolver_solverType;dt_0D;dt_1D;dt_3D;dt_splitting;endTime;exit;exit_signal;mechanicsSolver_preconditionerType;mechanicsSolver_solverType;memoryData;memoryPage;memoryResidentSet;memoryVirtual;nInstancesComputedGlobally;scenarioName;totalUsertime;~nDofs;~nDofsmuscle_quadratic;~nElements;~nElementsmuscle_quadratic;~nNodes;~nNodesmuscle_quadratic;
2025/11/28 19:35:56;cmcs09;opendihu 1.5, built Aug  7 2025, C++ 201402, GCC 12.2.0;1;0;1.7617e-05;18;0.0155054;9;0.0257496;18;0.00274208;216;0.00292442;11;7.9944e-05;11;0.0107566;24;0.000170891;12;3.22e-06;2;0.00293365;11;0.000533039;24;1.4326e-05;10;0.0200594;24;0.000287086;13;6.7e-06;3;0.0104954;13;0.0318754;24;3.839e-06;1;1.77e-06;18;0.00134387;18;0.0436134;93;0.0319789;24;0.0115654;12;0.00207735;2002;0.00225646;999;1.11081;22;0.0173161;11;1.10889;11;0.314044;10;0.0199373;11;0.00177395;11;0.384314;1;0.373579;1;lu;preonly;1.000000;none;cg;0.0005;0.001;0.1;0.001;1;normal;;lu;preonly;582144000;4096;144371712;900960256;9;default;2.47;30;275;29;20;30;275;
# timestamp;hostname;version;nRanks;rankNo;durationAssembleBoundaryConditions;n;durationComputeMappingBetweenMeshes;n;durationInitCellml;n;durationMap;n;durationMapFinalize;n;durationMapPrepare;n;durationParaview1D;n;durationParaview1DInit;n;durationParaview1DReduction;n;durationParaview1DWrite;n;durationParaview2D;n;durationParaview2D3DInit;n;durationParaview3D;n;durationParaview3DInit;n;durationParaview3DReduction;n;durationParaview3DWrite;n;durationParaviewOutput;n;durationReadGeometry;n;durationSetRightHandSide;n;durationSetStiffnessMatrix;n;durationWriteOutput;n;durationWriteOutputParaview;n;durationWriteOutputPythonCallback;n;duration_0D;n;duration_1D;n;duration_3D;n;duration_3D_advanceTimeSpan1;n;duration_3D_advanceTimeSpan2;n;duration_3D_durationSolve;n;duration_3D_transfer12;n;duration_3D_transfer21;n;duration_mechanics;n;duration_mechanics_durationSolve;n;anonymous0_preconditionerType;anonymous0_solverType;currentSimulationTime;diffusionSolver_preconditionerType;diffusionSolver_solverType;dt_0D;dt_1D;dt_3D;dt_splitting;endTime;exit;exit_signal;mechanicsSolver_preconditionerType;mechanicsSolver_solverType;memoryData;memoryPage;memoryResidentSet;memoryVirtual;nInstancesComputedGlobally;scenarioName;totalUsertime;~nDofs;~nDofsmuscle_quadratic;~nElements;~nElementsmuscle_quadratic;~nNodes;~nNodesmuscle_quadratic;
2025/11/28 19:36:04;cmcs09;opendihu 1.5, built Aug  7 2025, C++ 201402, GCC 12.2.0;1;0;1.7351e-05;18;0.0158252;9;0.0237602;18;0.00273906;216;0.00292334;11;7.2937e-05;11;0.0102591;24;0.000169132;12;2.872e-06;2;0.00277962;11;0.000525676;24;1.4159e-05;10;0.0188415;24;0.000286775;13;6.865e-06;3;0.0102947;13;0.0301496;24;4.027e-06;1;2.059e-06;18;0.00118286;18;0.0414173;93;0.0302451;24;0.0111147;12;0.00207823;2002;0.00223407;999;0.986357;22;0.0164885;11;0.98284;11;0.312764;10;0.0202007;11;0.00173489;11;0.263475;1;0.252749;1;lu;preonly;1.000000;none;cg;0.0005;0.001;0.1;0.001;1;normal;;lu;preonly;582144000;4096;144437248;900960256;9;default;2.24;30;275;29;20;30;275;
# timestamp;hostname;version;nRanks;rankNo;durationAssembleBoundaryConditions;n;durationComputeMappingBetweenMeshes;n;durationInitCellml;n;durationMap;n;durationMapFinalize;n;durationMapPrepare;n;durationParaview1D;n;durationParaview1DInit;n;durationParaview1DReduction;n;durationParaview1DWrite;n;durationParaview2D;n;durationParaview2D3DInit;n;durationParaview3D;n;durationParaview3DInit;n;durationParaview3DReduction;n;durationParaview3DWrite;n;durationParaviewOutput;n;durationReadGeometry;n;durationSetRightHandSide;n;durationSetStiffnessMatrix;n;durationWriteOutput;n;durationWriteOutputParaview;n;durationWriteOutputPythonCallback;n;duration_0D;n;duration_1D;n;duration_3D;n;duration_3D_advanceTimeSpan1;n;duration_3D_advanceTimeSpan2;n;duration_3D_durationSolve;n;duration_3D_transfer12;n;duration_3D_transfer21;n;duration_mechanics;n;duration_mechanics_durationSolve;n;anonymous0_preconditionerType;anonymous0_solverType;currentSimulationTime;diffusionSolver_preconditionerType;diffusionSolver_solverType;dt_0D;dt_1D;dt_3D;dt_splitting;endTime;exit;exit_signal;mechanicsSolver_preconditionerType;mechanicsSolver_solverType;memoryData;memoryPage;memoryResidentSet;memoryVirtual;nInstancesComputedGlobally;scenarioName;totalUsertime;~nDofs;~nDofsmuscle_quadratic;~nElements;~nElementsmuscle_quadratic;~nNodes;~nNodesmuscle_quadratic;
2025/11/28 19:36:12;cmcs09;opendihu 1.5, built Aug  7 2025, C++ 201402, GCC 12.2.0;1;0;1.8298e-05;18;0.0154294;9;0.0233605;18;0.00270946;216;0.00292613;11;7.0859e-05;11;0.0103197;24;0.000172899;12;3.144e-06;2;0.00278088;11;0.000521382;24;1.3895e-05;10;0.0189591;24;0.0002698;13;7.597e-06;3;0.0103248;13;0.030332;24;3.563e-06;1;1.918e-06;18;0.00112148;18;0.0417694;93;0.030429;24;0.0112822;12;0.0020494;2002;0.00225463;999;1.13262;22;0.0166127;11;1.12966;11;0.314839;10;0.0198239;11;0.00169795;11;0.407143;1;0.396368;1;lu;preonly;1.000000;none;cg;0.0005;0.001;0.1;0.001;1;normal;;lu;preonly;582148096;4096;144478208;900964352;9;default;2.56;30;275;29;20;30;275;
# timestamp;hostname;version;nRanks;rankNo;durationAssembleBoundaryConditions;n;durationComputeMappingBetweenMeshes;n;durationInitCellml;n;durationMap;n;durationMapFinalize;n;durationMapPrepare;n;durationParaview1D;n;durationParaview1DInit;n;durationParaview1DReduction;n;durationParaview1DWrite;n;durationParaview2D;n;durationParaview2D3DInit;n;durationParaview3D;n;durationParaview3DInit;n;durationParaview3DReduction;n;durationParaview3DWrite;n;durationParaviewOutput;n;durationReadGeometry;n;durationSetRightHandSide;n;durationSetStiffnessMatrix;n;durationWriteOutput;n;durationWriteOutputParaview;n;durationWriteOutputPythonCallback;n;duration_0D;n;duration_1D;n;duration_3D;n;duration_3D_advanceTimeSpan1;n;duration_3D_advanceTimeSpan2;n;duration_3D_durationSolve;n;duration_3D_transfer12;n;duration_3D_transfer21;n;duration_mechanics;n;duration_mechanics_durationSolve;n;anonymous0_preconditionerType;anonymous0_solverType;currentSimulationTime;diffusionSolver_preconditionerType;diffusionSolver_solverType;dt_0D;dt_1D;dt_3D;dt_splitting;endTime;exit;exit_signal;mechanicsSolver_preconditionerType;mechanicsSolver_solverType;memoryData;memoryPage;memoryResidentSet;memoryVirtual;nInstancesComputedGlobally;scenarioName;totalUsertime;~nDofs;~nDofsmuscle_quadratic;~nElements;~nElementsmuscle_quadratic;~nNodes;~nNodesmuscle_quadratic;
2025/11/28 19:36:19;cmcs09;opendihu 1.5, built Aug  7 2025, C++ 201402, GCC 12.2.0;1;0;1.7538e-05;18;0.0155016;9;0.0235698;18;0.00268875;216;0.00295208;11;7.4955e-05;11;0.0105259;24;0.00017468;12;3.177e-06;2;0.00293994;11;0.000524751;24;1.4041e-05;10;0.018772;24;0.000288926;13;6.68e-06;3;0.0102183;13;0.0303502;24;3.55e-06;1;1.643e-06;18;0.00114247;18;0.0416322;93;0.0304446;24;0.0111319;12;0.0020866;2002;0.00224625;999;1.10176;22;0.016748;11;1.09848;11;0.310231;10;0.019928;11;0.00167675;11;0.38411;1;0.373344;1;lu;preonly;1.000000;none;cg;0.0005;0.001;0.1;0.001;1;normal;;lu;preonly;582148096;4096;144515072;900964352;9;default;2.51;30;275;29;20;30;275;
# timestamp;hostname;version;nRanks;rankNo;durationAssembleBoundaryConditions;n;durationComputeMappingBetweenMeshes;n;durationInitCellml;n;durationMap;n;durationMapFinalize;n;durationMapPrepare;n;durationParaview1D;n;durationParaview1DInit;n;durationParaview1DReduction;n;durationParaview1DWrite;n;durationParaview2D;n;durationParaview2D3DInit;n;durationParaview3D;n;durationParaview3DInit;n;durationParaview3DReduction;n;durationParaview3DWrite;n;durationParaviewOutput;n;durationReadGeometry;n;durationSetRightHandSide;n;durationSetStiffnessMatrix;n;durationWriteOutput;n;durationWriteOutputParaview;n;durationWriteOutputPythonCallback;n;duration_0D;n;duration_1D;n;duration_3D;n;duration_3D_advanceTimeSpan1;n;duration_3D_advanceTimeSpan2;n;duration_3D_durationSolve;n;duration_3D_transfer12;n;duration_3D_transfer21;n;duration_mechanics;n;duration_mechanics_durationSolve;n;anonymous0_preconditionerType;anonymous0_solverType;currentSimulationTime;diffusionSolver_preconditionerType;diffusionSolver_solverType;dt_0D;dt_1D;dt_3D;dt_splitting;endTime;exit;exit_signal;mechanicsSolver_preconditionerType;mechanicsSolver_solverType;memoryData;memoryPage;memoryResidentSet;memoryVirtual;nInstancesComputedGlobally;scenarioName;totalUsertime;~nDofs;~nDofsmuscle_quadratic;~nElements;~nElementsmuscle_quadratic;~nNodes;~nNodesmuscle_quadratic;
2025/11/28 19:36:27;cmcs09;opendihu 1.5, built Aug  7 2025, C++ 201402, GCC 12.2.0;1;0;1.8967e-05;18;0.0158501;9;0.0235423;18;0.00270016;216;0.00296992;11;7.4645e-05;11;0.0103405;24;0.000171864;12;2.881e-06;2;0.00279286;11;0.000527206;24;1.5024e-05;10;0.0191657;24;0.000288466;13;1.4568e-05;3;0.0104575;13;0.0305508;24;3.581e-06;1;1.926e-06;18;0.0012111;18;0.0421141;93;0.0306453;24;0.0114087;12;0.0020678;2002;0.00223754;999;1.2294;22;0.0164971;11;1.22625;11;0.313786;10;0.0203275;11;0.00169004;11;0.503905;1;0.493036;1;lu;preonly;1.000000;none;cg;0.0005;0.001;0.1;0.001;1;normal;;lu;preonly;582139904;4096;144289792;900956160;9;default;2.67;30;275;29;20;30;275;
# timestamp;hostname;version;nRanks;rankNo;durationAssembleBoundaryConditions;n;durationComputeMappingBetweenMeshes;n;durationInitCellml;n;durationMap;n;durationMapFinalize;n;durationMapPrepare;n;durationParaview1D;n;durationParaview1DInit;n;durationParaview1DReduction;n;durationParaview1DWrite;n;durationParaview2D;n;durationParaview2D3DInit;n;durationParaview3D;n;durationParaview3DInit;n;durationParaview3DReduction;n;durationParaview3DWrite;n;durationParaviewOutput;n;durationReadGeometry;n;durationSetRightHandSide;n;durationSetStiffnessMatrix;n;durationWriteOutput;n;durationWriteOutputParaview;n;durationWriteOutputPythonCallback;n;duration_0D;n;duration_1D;n;duration_3D;n;duration_3D_advanceTimeSpan1;n;duration_3D_advanceTimeSpan2;n;duration_3D_durationSolve;n;duration_3D_transfer12;n;duration_3D_transfer21;n;duration_mechanics;n;duration_mechanics_durationSolve;n;anonymous0_preconditionerType;anonymous0_solverType;currentSimulationTime;diffusionSolver_preconditionerType;diffusionSolver_solverType;dt_0D;dt_1D;dt_3D;dt_splitting;endTime;exit;exit_signal;mechanicsSolver_preconditionerType;mechanicsSolver_solverType;memoryData;memoryPage;memoryResidentSet;memoryVirtual;nInstancesComputedGlobally;scenarioName;totalUsertime;~nDofs;~nDofsmuscle_quadratic;~nElements;~nElementsmuscle_quadratic;~nNodes;~nNodesmuscle_quadratic;
2025/11/28 19:36:35;cmcs09;opendihu 1.5, built Aug  7 2025, C++ 201402, GCC 12.2.0;1;0;1.8805e-05;18;0.0155776;9;0.0233169;18;0.00269978;216;0.00293332;11;7.2292e-05;11;0.0104107;24;0.000173452;12;2.952e-06;2;0.00281286;11;0.000526912;24;1.4404e-05;10;0.0192196;24;0.000280023;13;6.406e-06;3;0.0104172;13;0.0306884;24;2.898e-06;1;1.561e-06;18;0.00119832;18;0.0420866;93;0.0307887;24;0.01124;12;0.0020758;2002;0.00224828;999;1.10588;22;0.0167574;11;1.10296;11;0.313405;10;0.0200157;11;0.00170546;11;0.383629;1;0.372805;1;lu;preonly;1.000000;none;cg;0.0005;0.001;0.1;0.001;1;normal;;lu;preonly;582139904;4096;144449536;900956160;9;default;2.51;30;275;29;20;30;275;
# timestamp;hostname;version;nRanks;rankNo;durationAssembleBoundaryConditions;n;durationComputeMappingBetweenMeshes;n;durationInitCellml;n;durationMap;n;durationMapFinalize;n;durationMapPrepare;n;durationParaview1D;n;durationParaview1DInit;n;durationParaview1DReduction;n;durationParaview1DWrite;n;durationParaview2D;n;durationParaview2D3DInit;n;durationParaview3D;n;durationParaview3DInit;n;durationParaview3DReduction;n;durationParaview3DWrite;n;durationParaviewOutput;n;durationReadGeometry;n;durationSetRightHandSide;n;durationSetStiffnessMatrix;n;durationWriteOutput;n;durationWriteOutputParaview;n;durationWriteOutputPythonCallback;n;duration_0D;n;duration_1D;n;duration_3D;n;duration_3D_advanceTimeSpan1;n;duration_3D_advanceTimeSpan2;n;duration_3D_durationSolve;n;duration_3D_transfer12;n;duration_3D_transfer21;n;duration_mechanics;n;duration_mechanics_durationSolve;n;anonymous0_preconditionerType;anonymous0_solverType;currentSimulationTime;diffusionSolver_preconditionerType;diffusionSolver_solverType;dt_0D;dt_1D;dt_3D;dt_splitting;endTime;exit;exit_signal;mechanicsSolver_preconditionerType;mechanicsSolver_solverType;memoryData;memoryPage;memoryResidentSet;memoryVirtual;nInstancesComputedGlobally;scenarioName;totalUsertime;~nDofs;~nDofsmuscle_quadratic;~nElements;~nElementsmuscle_quadratic;~nNodes;~nNodesmuscle_quadratic;
2025/11/28 19:36:43;cmcs09;opendihu 1.5, built Aug  7 2025, C++ 201402, GCC 12.2.0;1;0;1.7121e-05;18;0.0172962;9;0.0232586;18;0.00290718;216;0.00324237;11;8.608e-05;11;0.0115247;24;0.000186496;12;3.441e-06;2;0.00294306;11;0.000546036;24;1.7349e-05;10;0.0223724;24;0.000300341;13;9.841e-06;3;0.0115161;13;0.0349961;24;3.942e-06;1;2.311e-06;18;0.00119605;18;0.0473913;93;0.0351251;24;0.0121891;12;0.00227796;2002;0.00239338;999;1.13433;22;0.0186721;11;1.13079;11;0.318212;10;0.0223851;11;0.0019574;11;0.391306;1;0.378125;1;lu;preonly;1.000000;none;cg;0.0005;0.001;0.1;0.001;1;normal;;lu;preonly;582148096;4096;144621568;900964352;9;default;2.54;30;275;29;20;30;275;
# timestamp;hostname;version;nRanks;rankNo;durationAssembleBoundaryConditions;n;durationComputeMappingBetweenMeshes;n;durationInitCellml;n;durationMap;n;durationMapFinalize;n;durationMapPrepare;n;durationParaview1D;n;durationParaview1DInit;n;durationParaview1DReduction;n;durationParaview1DWrite;n;durationParaview2D;n;durationParaview2D3DInit;n;durationParaview3D;n;durationParaview3DInit;n;durationParaview3DReduction;n;durationParaview3DWrite;n;durationParaviewOutput;n;durationReadGeometry;n;durationSetRightHandSide;n;durationSetStiffnessMatrix;n;durationWriteOutput;n;durationWriteOutputParaview;n;durationWriteOutputPythonCallback;n;duration_0D;n;duration_1D;n;duration_3D;n;duration_3D_advanceTimeSpan1;n;duration_3D_advanceTimeSpan2;n;duration_3D_durationSolve;n;duration_3D_transfer12;n;duration_3D_transfer21;n;duration_mechanics;n;duration_mechanics_durationSolve;n;anonymous0_preconditionerType;anonymous0_solverType;currentSimulationTime;diffusionSolver_preconditionerType;diffusionSolver_solverType;dt_0D;dt_1D;dt_3D;dt_splitting;endTime;exit;exit_signal;mechanicsSolver_preconditionerType;mechanicsSolver_solverType;memoryData;memoryPage;memoryResidentSet;memoryVirtual;nInstancesComputedGlobally;scenarioName;totalUsertime;~nDofs;~nDofsmuscle_quadratic;~nElements;~nElementsmuscle_quadratic;~nNodes;~nNodesmuscle_quadratic;
2025/11/28 19:36:51;cmcs09;opendihu 1.5, built Aug  7 2025, C++ 201402, GCC 12.2.0;1;0;1.7105e-05;18;0.0155781;9;0.0231093;18;0.00270467;216;0.00291942;11;7.6265e-05;11;0.0103743;24;0.000174926;12;3.143e-06;2;0.00281631;11;0.000514422;24;1.6819e-05;10;0.0190707;24;0.000269216;13;6.971e-06;3;0.0105158;13;0.0304863;24;4.042e-06;1;1.767e-06;18;0.00114636;18;0.0418085;93;0.030578;24;0.0111714;12;0.00205573;2002;0.00224794;999;1.10053;22;0.0165822;11;1.09746;11;0.310812;10;0.0199804;11;0.00168108;11;0.382216;1;0.37146;1;lu;preonly;1.000000;none;cg;0.0005;0.001;0.1;0.001;1;normal;;lu;preonly;582148096;4096;146513920;900964352;9;default;2.49;30;275;29;20;30;275;
# timestamp;hostname;version;nRanks;rankNo;durationAssembleBoundaryConditions;n;durationComputeMappingBetweenMeshes;n;durationInitCellml;n;durationMap;n;durationMapFinalize;n;durationMapPrepare;n;durationParaview1D;n;durationParaview1DInit;n;durationParaview1DReduction;n;durationParaview1DWrite;n;durationParaview2D;n;durationParaview2D3DInit;n;durationParaview3D;n;durationParaview3DInit;n;durationParaview3DReduction;n;durationParaview3DWrite;n;durationParaviewOutput;n;durationReadGeometry;n;durationSetRightHandSide;n;durationSetStiffnessMatrix;n;durationWriteOutput;n;durationWriteOutputParaview;n;durationWriteOutputPythonCallback;n;duration_0D;n;duration_1D;n;duration_3D;n;duration_3D_advanceTimeSpan1;n;duration_3D_advanceTimeSpan2;n;duration_3D_durationSolve;n;duration_3D_transfer12;n;duration_3D_transfer21;n;duration_mechanics;n;duration_mechanics_durationSolve;n;anonymous0_preconditionerType;anonymous0_solverType;currentSimulationTime;diffusionSolver_preconditionerType;diffusionSolver_solverType;dt_0D;dt_1D;dt_3D;dt_splitting;endTime;exit;exit_signal;mechanicsSolver_preconditionerType;mechanicsSolver_solverType;memoryData;memoryPage;memoryResidentSet;memoryVirtual;nInstancesComputedGlobally;scenarioName;totalUsertime;~nDofs;~nDofsmuscle_quadratic;~nElements;~nElementsmuscle_quadratic;~nNodes;~nNodesmuscle_quadratic;
2025/11/28 19:36:59;cmcs09;opendihu 1.5, built Aug  7 2025, C++ 201402, GCC 12.2.0;1;0;1.8322e-05;18;0.0158372;9;0.0234941;18;0.0032378;216;0.00296229;11;7.2805e-05;11;0.129139;24;0.000175878;12;2.894e-06;2;0.00299497;11;0.000519823;24;1.4487e-05;10;0.120296;24;0.000272981;13;7.096e-06;3;0.0102817;13;0.250503;24;3.268e-06;1;2.141e-06;18;0.00118001;18;0.262005;93;0.250604;24;0.0113388;12;0.00252372;2002;0.00274712;999;1.11108;22;0.136596;11;1.209;11;0.315699;10;0.0202886;11;0.00229537;11;0.383568;1;0.372792;1;lu;preonly;1.000000;none;cg;0.0005;0.001;0.1;0.001;1;normal;;lu;preonly;582144000;4096;144572416;900960256;9;default;2.54;30;275;29;20;30;275;
# timestamp;hostname;version;nRanks;rankNo;durationAssembleBoundaryConditions;n;durationComputeMappingBetweenMeshes;n;durationInitCellml;n;durationMap;n;durationMapFinalize;n;durationMapPrepare;n;durationParaview1D;n;durationParaview1DInit;n;durationParaview1DReduction;n;durationParaview1DWrite;n;durationParaview2D;n;durationParaview2D3DInit;n;durationParaview3D;n;durationParaview3DInit;n;durationParaview3DReduction;n;durationParaview3DWrite;n;durationParaviewOutput;n;durationReadGeometry;n;durationSetRightHandSide;n;durationSetStiffnessMatrix;n;durationWriteOutput;n;durationWriteOutputParaview;n;durationWriteOutputPythonCallback;n;duration_0D;n;duration_1D;n;duration_3D;n;duration_3D_advanceTimeSpan1;n;duration_3D_advanceTimeSpan2;n;duration_3D_durationSolve;n;duration_3D_transfer12;n;duration_3D_transfer21;n;duration_mechanics;n;duration_mechanics_durationSolve;n;anonymous0_preconditionerType;anonymous0_solverType;currentSimulationTime;diffusionSolver_preconditionerType;diffusionSolver_solverType;dt_0D;dt_1D;dt_3D;dt_splitting;endTime;exit;exit_signal;mechanicsSolver_preconditionerType;mechanicsSolver_solverType;memoryData;memoryPage;memoryResidentSet;memoryVirtual;nInstancesComputedGlobally;scenarioName;totalUsertime;~nDofs;~nDofsmuscle_quadratic;~nElements;~nElementsmuscle_quadratic;~nNodes;~nNodesmuscle_quadratic;
2025/11/28 19:37:07;cmcs09;opendihu 1.5, built Aug  7 2025, C++ 201402, GCC 12.2.0;1;0;1.6321e-05;18;0.015429;9;0.0235677;18;0.0027126;216;0.00292886;11;7.3674e-05;11;0.010324;24;0.000172338;12;3.706e-06;2;0.00274884;11;0.000514808;24;1.397e-05;10;0.0191899;24;0.000278894;13;7.546e-06;3;0.0104471;13;0.0305746;24;3.319e-06;1;1.613e-06;18;0.0011343;18;0.0420663;93;0.0306709;24;0.0113346;12;0.00207452;2002;0.0022506;999;0.987062;22;0.0167463;11;0.984177;11;0.312677;10;0.0198299;11;0.00172234;11;0.264575;1;0.253865;1;lu;preonly;1.000000;none;cg;0.0005;0.001;0.1;0.001;1;normal;;lu;preonly;582144000;4096;144453632;900960256;9;default;2.38;30;275;29;20;30;275;
# timestamp;hostname;version;nRanks;rankNo;durationAssembleBoundaryConditions;n;durationComputeMappingBetweenMeshes;n;durationInitCellml;n;durationMap;n;durationMapFinalize;n;durationMapPrepare;n;durationParaview1D;n;durationParaview1DInit;n;durationParaview1DReduction;n;durationParaview1DWrite;n;durationParaview2D;n;durationParaview2D3DInit;n;durationParaview3D;n;durationParaview3DInit;n;durationParaview3DReduction;n;durationParaview3DWrite;n;durationParaviewOutput;n;durationReadGeometry;n;durationSetRightHandSide;n;durationSetStiffnessMatrix;n;durationWriteOutput;n;durationWriteOutputParaview;n;durationWriteOutputPythonCallback;n;duration_0D;n;duration_1D;n;duration_3D;n;duration_3D_advanceTimeSpan1;n;duration_3D_advanceTimeSpan2;n;duration_3D_durationSolve;n;duration_3D_transfer12;n;duration_3D_transfer21;n;duration_mechanics;n;duration_mechanics_durationSolve;n;anonymous0_preconditionerType;anonymous0_solverType;currentSimulationTime;diffusionSolver_preconditionerType;diffusionSolver_solverType;dt_0D;dt_1D;dt_3D;dt_splitting;endTime;exit;exit_signal;mechanicsSolver_preconditionerType;mechanicsSolver_solverType;memoryData;memoryPage;memoryResidentSet;memoryVirtual;nInstancesComputedGlobally;scenarioName;totalUsertime;~nDofs;~nDofsmuscle_quadratic;~nElements;~nElementsmuscle_quadratic;~nNodes;~nNodesmuscle_quadratic;
2025/11/28 19:38:21;cmcs09;opendihu 1.5, built Aug  7 2025, C++ 201402, GCC 12.2.0;1;0;1.7651e-05;18;0.0154036;9;0.0234884;18;0.00293882;216;0.00292769;11;8.4502e-05;11;0.0107267;24;0.000176654;12;3.23e-06;2;0.00297441;11;0.000518557;24;1.5099e-05;10;0.0203481;24;0.000278617;13;7.153e-06;3;0.0108031;13;0.0321251;24;3.385e-06;1;1.602e-06;18;0.00114996;18;0.04386;93;0.032241;24;0.011552;12;0.00206172;2002;0.00225019;999;1.10662;22;0.0171646;11;1.10384;11;0.313244;10;0.0198337;11;0.00189059;11;0.382723;1;0.371979;1;lu;preonly;1.000000;none;cg;0.0005;0.001;0.1;0.001;1;normal;;lu;preonly;582144000;4096;144379904;900960256;9;default;2.5;30;275;29;20;30;275;
# timestamp;hostname;version;nRanks;rankNo;durationAssembleBoundaryConditions;n;durationComputeMappingBetweenMeshes;n;durationInitCellml;n;durationMap;n;durationMapFinalize;n;durationMapPrepare;n;durationParaview1D;n;durationParaview1DInit;n;durationParaview1DReduction;n;durationParaview1DWrite;n;durationParaview2D;n;durationParaview2D3DInit;n;durationParaview3D;n;durationParaview3DInit;n;durationParaview3DReduction;n;durationParaview3DWrite;n;durationParaviewOutput;n;durationReadGeometry;n;durationSetRightHandSide;n;durationSetStiffnessMatrix;n;durationWriteOutput;n;durationWriteOutputParaview;n;durationWriteOutputPythonCallback;n;duration_0D;n;duration_1D;n;duration_3D;n;duration_3D_advanceTimeSpan1;n;duration_3D_advanceTimeSpan2;n;duration_3D_durationSolve;n;duration_3D_transfer12;n;duration_3D_transfer21;n;duration_mechanics;n;duration_mechanics_durationSolve;n;anonymous0_preconditionerType;anonymous0_solverType;currentSimulationTime;diffusionSolver_preconditionerType;diffusionSolver_solverType;dt_0D;dt_1D;dt_3D;dt_splitting;endTime;exit;exit_signal;mechanicsSolver_preconditionerType;mechanicsSolver_solverType;memoryData;memoryPage;memoryResidentSet;memoryVirtual;nInstancesComputedGlobally;scenarioName;totalUsertime;~nDofs;~nDofsmuscle_quadratic;~nElements;~nElementsmuscle_quadratic;~nNodes;~nNodesmuscle_quadratic;
2025/11/28 19:38:29;cmcs09;opendihu 1.5, built Aug  7 2025, C++ 201402, GCC 12.2.0;1;0;1.9086e-05;18;0.0170311;9;0.0242025;18;0.00283161;216;0.0029581;11;9.0209e-05;11;0.0109346;24;0.000185073;12;3.097e-06;2;0.00276497;11;0.000532938;24;1.5821e-05;10;0.0213876;24;0.000286914;13;9.287e-06;3;0.0108363;13;0.0333966;24;3.75e-06;1;1.807e-06;18;0.00117063;18;0.0468633;93;0.0335211;24;0.0132546;12;0.00211347;2002;0.00224165;999;1.04228;22;0.01805;11;1.04047;11;0.331391;10;0.0216944;11;0.00192097;11;0.283946;1;0.272953;1;lu;preonly;1.000000;none;cg;0.0005;0.001;0.1;0.001;1;normal;;lu;preonly;582148096;4096;144384000;900964352;9;default;2.37;30;275;29;20;30;275;
# timestamp;hostname;version;nRanks;rankNo;durationAssembleBoundaryConditions;n;durationComputeMappingBetweenMeshes;n;durationInitCellml;n;durationMap;n;durationMapFinalize;n;durationMapPrepare;n;durationParaview1D;n;durationParaview1DInit;n;durationParaview1DReduction;n;durationParaview1DWrite;n;durationParaview2D;n;durationParaview2D3DInit;n;durationParaview3D;n;durationParaview3DInit;n;durationParaview3DReduction;n;durationParaview3DWrite;n;durationParaviewOutput;n;durationReadGeometry;n;durationSetRightHandSide;n;durationSetStiffnessMatrix;n;durationWriteOutput;n;durationWriteOutputParaview;n;durationWriteOutputPythonCallback;n;duration_0D;n;duration_1D;n;duration_3D;n;duration_3D_advanceTimeSpan1;n;duration_3D_advanceTimeSpan2;n;duration_3D_durationSolve;n;duration_3D_transfer12;n;duration_3D_transfer21;n;duration_mechanics;n;duration_mechanics_durationSolve;n;anonymous0_preconditionerType;anonymous0_solverType;currentSimulationTime;diffusionSolver_preconditionerType;diffusionSolver_solverType;dt_0D;dt_1D;dt_3D;dt_splitting;endTime;exit;exit_signal;mechanicsSolver_preconditionerType;mechanicsSolver_solverType;memoryData;memoryPage;memoryResidentSet;memoryVirtual;nInstancesComputedGlobally;scenarioName;totalUsertime;~nDofs;~nDofsmuscle_quadratic;~nElements;~nElementsmuscle_quadratic;~nNodes;~nNodesmuscle_quadratic;
2025/11/28 19:38:37;cmcs09;opendihu 1.5, built Aug  7 2025, C++ 201402, GCC 12.2.0;1;0;2.0229e-05;18;0.0154575;9;0.024251;18;0.0026933;216;0.00291709;11;7.2593e-05;11;0.0103319;24;0.00017428;12;3.425e-06;2;0.00277226;11;0.000515022;24;1.3825e-05;10;0.0189037;24;0.000269894;13;7.357e-06;3;0.0103182;13;0.0302858;24;3.122e-06;1;2.121e-06;18;0.00116878;18;0.0416796;93;0.030384;24;0.0112361;12;0.0020674;2002;0.0022478;999;1.10371;22;0.0165601;11;1.1005;11;0.311991;10;0.0198348;11;0.00168427;11;0.382541;1;0.371739;1;lu;preonly;1.000000;none;cg;0.0005;0.001;0.1;0.001;1;normal;;lu;preonly;582152192;4096;144580608;900968448;9;default;2.5;30;275;29;20;30;275;
# timestamp;hostname;version;nRanks;rankNo;durationAssembleBoundaryConditions;n;durationComputeMappingBetweenMeshes;n;durationInitCellml;n;durationMap;n;durationMapFinalize;n;durationMapPrepare;n;durationParaview1D;n;durationParaview1DInit;n;durationParaview1DReduction;n;durationParaview1DWrite;n;durationParaview2D;n;durationParaview2D3DInit;n;durationParaview3D;n;durationParaview3DInit;n;durationParaview3DReduction;n;durationParaview3DWrite;n;durationParaviewOutput;n;durationReadGeometry;n;durationSetRightHandSide;n;durationSetStiffnessMatrix;n;durationWriteOutput;n;durationWriteOutputParaview;n;durationWriteOutputPythonCallback;n;duration_0D;n;duration_1D;n;duration_3D;n;duration_3D_advanceTimeSpan1;n;duration_3D_advanceTimeSpan2;n;duration_3D_durationSolve;n;duration_3D_transfer12;n;duration_3D_transfer21;n;duration_mechanics;n;duration_mechanics_durationSolve;n;anonymous0_preconditionerType;anonymous0_solverType;currentSimulationTime;diffusionSolver_preconditionerType;diffusionSolver_solverType;dt_0D;dt_1D;dt_3D;dt_splitting;endTime;exit;exit_signal;mechanicsSolver_preconditionerType;mechanicsSolver_solverType;memoryData;memoryPage;memoryResidentSet;memoryVirtual;nInstancesComputedGlobally;scenarioName;totalUsertime;~nDofs;~nDofsmuscle_quadratic;~nElements;~nElementsmuscle_quadratic;~nNodes;~nNodesmuscle_quadratic;
2025/11/28 19:38:45;cmcs09;opendihu 1.5, built Aug  7 2025, C++ 201402, GCC 12.2.0;1;0;1.7633e-05;18;0.0155177;9;0.0231222;18;0.00269912;216;0.00294988;11;7.0437e-05;11;0.0102999;24;0.000172265;12;2.975e-06;2;0.00275283;11;0.000519795;24;1.4432e-05;10;0.0189402;24;0.000274709;13;7.289e-06;3;0.0102836;13;0.0302866;24;3.42e-06;1;2.263e-06;18;0.00114218;18;0.0416789;93;0.0303894;24;0.0112325;12;0.00207223;2002;0.00223692;999;1.10405;22;0.0165696;11;1.10082;11;0.311421;10;0.019939;11;0.0016921;11;0.384868;1;0.374057;1;lu;preonly;1.000000;none;cg;0.0005;0.001;0.1;0.001;1;normal;;lu;preonly;582148096;4096;144662528;900964352;9;default;2.5;30;275;29;20;30;275;
# timestamp;hostname;version;nRanks;rankNo;durationAssembleBoundaryConditions;n;durationComputeMappingBetweenMeshes;n;durationInitCellml;n;durationMap;n;durationMapFinalize;n;durationMapPrepare;n;durationParaview1D;n;durationParaview1DInit;n;durationParaview1DReduction;n;durationParaview1DWrite;n;durationParaview2D;n;durationParaview2D3DInit;n;durationParaview3D;n;durationParaview3DInit;n;durationParaview3DReduction;n;durationParaview3DWrite;n;durationParaviewOutput;n;durationReadGeometry;n;durationSetRightHandSide;n;durationSetStiffnessMatrix;n;durationWriteOutput;n;durationWriteOutputParaview;n;durationWriteOutputPythonCallback;n;duration_0D;n;duration_1D;n;duration_3D;n;duration_3D_advanceTimeSpan1;n;duration_3D_advanceTimeSpan2;n;duration_3D_durationSolve;n;duration_3D_transfer12;n;duration_3D_transfer21;n;duration_mechanics;n;duration_mechanics_durationSolve;n;anonymous0_preconditionerType;anonymous0_solverType;currentSimulationTime;diffusionSolver_preconditionerType;diffusionSolver_solverType;dt_0D;dt_1D;dt_3D;dt_splitting;endTime;exit;exit_signal;mechanicsSolver_preconditionerType;mechanicsSolver_solverType;memoryData;memoryPage;memoryResidentSet;memoryVirtual;nInstancesComputedGlobally;scenarioName;totalUsertime;~nDofs;~nDofsmuscle_quadratic;~nElements;~nElementsmuscle_quadratic;~nNodes;~nNodesmuscle_quadratic;
2025/11/28 19:38:53;cmcs09;opendihu 1.5, built Aug  7 2025, C++ 201402, GCC 12.2.0;1;0;1.6741e-05;18;0.0156264;9;0.0233311;18;0.00274819;216;0.00291338;11;7.1516e-05;11;0.0103176;24;0.000171457;12;3.046e-06;2;0.00277662;11;0.000518588;24;1.461e-05;10;0.0191065;24;0.000281081;13;6.962e-06;3;0.0103883;13;0.0304711;24;4.197e-06;1;1.973e-06;18;0.00113803;18;0.0417971;93;0.0305776;24;0.0111609;12;0.00206212;2002;0.00223883;999;1.10963;22;0.0165602;11;1.10644;11;0.309875;10;0.0200349;11;0.00174423;11;0.393275;1;0.382526;1;lu;preonly;1.000000;none;cg;0.0005;0.001;0.1;0.001;1;normal;;lu;preonly;582144000;4096;144367616;900960256;9;default;2.52;30;275;29;20;30;275;
# timestamp;hostname;version;nRanks;rankNo;durationAssembleBoundaryConditions;n;durationComputeMappingBetweenMeshes;n;durationInitCellml;n;durationMap;n;durationMapFinalize;n;durationMapPrepare;n;durationParaview1D;n;durationParaview1DInit;n;durationParaview1DReduction;n;durationParaview1DWrite;n;durationParaview2D;n;durationParaview2D3DInit;n;durationParaview3D;n;durationParaview3DInit;n;durationParaview3DReduction;n;durationParaview3DWrite;n;durationParaviewOutput;n;durationReadGeometry;n;durationSetRightHandSide;n;durationSetStiffnessMatrix;n;durationWriteOutput;n;durationWriteOutputParaview;n;durationWriteOutputPythonCallback;n;duration_0D;n;duration_1D;n;duration_3D;n;duration_3D_advanceTimeSpan1;n;duration_3D_advanceTimeSpan2;n;duration_3D_durationSolve;n;duration_3D_transfer12;n;duration_3D_transfer21;n;duration_mechanics;n;duration_mechanics_durationSolve;n;anonymous0_preconditionerType;anonymous0_solverType;currentSimulationTime;diffusionSolver_preconditionerType;diffusionSolver_solverType;dt_0D;dt_1D;dt_3D;dt_splitting;endTime;exit;exit_signal;mechanicsSolver_preconditionerType;mechanicsSolver_solverType;memoryData;memoryPage;memoryResidentSet;memoryVirtual;nInstancesComputedGlobally;scenarioName;totalUsertime;~nDofs;~nDofsmuscle_quadratic;~nElements;~nElementsmuscle_quadratic;~nNodes;~nNodesmuscle_quadratic;
2025/11/28 19:39:00;cmcs09;opendihu 1.5, built Aug  7 2025, C++ 201402, GCC 12.2.0;1;0;1.635e-05;18;0.0158333;9;0.0235486;18;0.00289593;216;0.00318163;11;7.7576e-05;11;0.0109577;24;0.000172901;12;3.054e-06;2;0.00292988;11;0.00052877;24;1.4703e-05;10;0.01993;24;0.000283691;13;6.751e-06;3;0.0106952;13;0.0319525;24;3.312e-06;1;1.62e-06;18;0.00113067;18;0.0434067;93;0.0320564;24;0.0112898;12;0.00226027;2002;0.00237699;999;0.995801;22;0.0178969;11;0.993741;11;0.316119;10;0.0205908;11;0.0018594;11;0.263552;1;0.252779;1;lu;preonly;1.000000;none;cg;0.0005;0.001;0.1;0.001;1;normal;;lu;preonly;582144000;4096;144547840;900960256;9;default;2.34;30;275;29;20;30;275;
# timestamp;hostname;version;nRanks;rankNo;durationAssembleBoundaryConditions;n;durationComputeMappingBetweenMeshes;n;durationInitCellml;n;durationMap;n;durationMapFinalize;n;durationMapPrepare;n;durationParaview1D;n;durationParaview1DInit;n;durationParaview1DReduction;n;durationParaview1DWrite;n;durationParaview2D;n;durationParaview2D3DInit;n;durationParaview3D;n;durationParaview3DInit;n;durationParaview3DReduction;n;durationParaview3DWrite;n;durationParaviewOutput;n;durationReadGeometry;n;durationSetRightHandSide;n;durationSetStiffnessMatrix;n;durationWriteOutput;n;durationWriteOutputParaview;n;durationWriteOutputPythonCallback;n;duration_0D;n;duration_1D;n;duration_3D;n;duration_3D_advanceTimeSpan1;n;duration_3D_advanceTimeSpan2;n;duration_3D_durationSolve;n;duration_3D_transfer12;n;duration_3D_transfer21;n;duration_mechanics;n;duration_mechanics_durationSolve;n;anonymous0_preconditionerType;anonymous0_solverType;currentSimulationTime;diffusionSolver_preconditionerType;diffusionSolver_solverType;dt_0D;dt_1D;dt_3D;dt_splitting;endTime;exit;exit_signal;mechanicsSolver_preconditionerType;mechanicsSolver_solverType;memoryData;memoryPage;memoryResidentSet;memoryVirtual;nInstancesComputedGlobally;scenarioName;totalUsertime;~nDofs;~nDofsmuscle_quadratic;~nElements;~nElementsmuscle_quadratic;~nNodes;~nNodesmuscle_quadratic;
2025/11/28 19:39:08;cmcs09;opendihu 1.5, built Aug  7 2025, C++ 201402, GCC 12.2.0;1;0;1.7236e-05;18;0.0154779;9;0.0234704;18;0.00269613;216;0.00293554;11;7.6055e-05;11;0.0103354;24;0.00017365;12;3.123e-06;2;0.00276445;11;0.000518465;24;1.4493e-05;10;0.0188766;24;0.00028434;13;6.976e-06;3;0.0101955;13;0.0302592;24;2.883e-06;1;1.613e-06;18;0.00114087;18;0.0414944;93;0.0303517;24;0.0110856;12;0.00205927;2002;0.00224301;999;1.10559;22;0.0165477;11;1.10242;11;0.31242;10;0.019861;11;0.00167508;11;0.3846;1;0.373882;1;lu;preonly;1.000000;none;cg;0.0005;0.001;0.1;0.001;1;normal;;lu;preonly;582148096;4096;146612224;900964352;9;default;2.5;30;275;29;20;30;275;
# timestamp;hostname;version;nRanks;rankNo;durationAssembleBoundaryConditions;n;durationComputeMappingBetweenMeshes;n;durationInitCellml;n;durationMap;n;durationMapFinalize;n;durationMapPrepare;n;durationParaview1D;n;durationParaview1DInit;n;durationParaview1DReduction;n;durationParaview1DWrite;n;durationParaview2D;n;durationParaview2D3DInit;n;durationParaview3D;n;durationParaview3DInit;n;durationParaview3DReduction;n;durationParaview3DWrite;n;durationParaviewOutput;n;durationReadGeometry;n;durationSetRightHandSide;n;durationSetStiffnessMatrix;n;durationWriteOutput;n;durationWriteOutputParaview;n;durationWriteOutputPythonCallback;n;duration_0D;n;duration_1D;n;duration_3D;n;duration_3D_advanceTimeSpan1;n;duration_3D_advanceTimeSpan2;n;duration_3D_durationSolve;n;duration_3D_transfer12;n;duration_3D_transfer21;n;duration_mechanics;n;duration_mechanics_durationSolve;n;anonymous0_preconditionerType;anonymous0_solverType;currentSimulationTime;diffusionSolver_preconditionerType;diffusionSolver_solverType;dt_0D;dt_1D;dt_3D;dt_splitting;endTime;exit;exit_signal;mechanicsSolver_preconditionerType;mechanicsSolver_solverType;memoryData;memoryPage;memoryResidentSet;memoryVirtual;nInstancesComputedGlobally;scenarioName;totalUsertime;~nDofs;~nDofsmuscle_quadratic;~nElements;~nElementsmuscle_quadratic;~nNodes;~nNodesmuscle_quadratic;
2025/11/28 19:39:16;cmcs09;opendihu 1.5, built Aug  7 2025, C++ 201402, GCC 12.2.0;1;0;1.7779e-05;18;0.0158481;9;0.0232039;18;0.00270286;216;0.00294139;11;7.4351e-05;11;0.0103144;24;0.000173723;12;3.549e-06;2;0.00277202;11;0.000514051;24;1.6798e-05;10;0.0189424;24;0.000270197;13;6.868e-06;3;0.0102958;13;0.0302976;24;3.167e-06;1;1.97e-06;18;0.00112848;18;0.0415963;93;0.0303916;24;0.011146;12;0.00206084;2002;0.0022405;999;1.10254;22;0.0165145;11;1.09903;11;0.311;10;0.0202429;11;0.00169458;11;0.383065;1;0.372284;1;lu;preonly;1.000000;none;cg;0.0005;0.001;0.1;0.001;1;normal;;lu;preonly;582144000;4096;144293888;900960256;9;default;2.53;30;275;29;20;30;275;
# timestamp;hostname;version;nRanks;rankNo;durationAssembleBoundaryConditions;n;durationComputeMappingBetweenMeshes;n;durationInitCellml;n;durationMap;n;durationMapFinalize;n;durationMapPrepare;n;durationParaview1D;n;durationParaview1DInit;n;durationParaview1DReduction;n;durationParaview1DWrite;n;durationParaview2D;n;durationParaview2D3DInit;n;durationParaview3D;n;durationParaview3DInit;n;durationParaview3DReduction;n;durationParaview3DWrite;n;durationParaviewOutput;n;durationReadGeometry;n;durationSetRightHandSide;n;durationSetStiffnessMatrix;n;durationWriteOutput;n;durationWriteOutputParaview;n;durationWriteOutputPythonCallback;n;duration_0D;n;duration_1D;n;duration_3D;n;duration_3D_advanceTimeSpan1;n;duration_3D_advanceTimeSpan2;n;duration_3D_durationSolve;n;duration_3D_transfer12;n;duration_3D_transfer21;n;duration_mechanics;n;duration_mechanics_durationSolve;n;anonymous0_preconditionerType;anonymous0_solverType;currentSimulationTime;diffusionSolver_preconditionerType;diffusionSolver_solverType;dt_0D;dt_1D;dt_3D;dt_splitting;endTime;exit;exit_signal;mechanicsSolver_preconditionerType;mechanicsSolver_solverType;memoryData;memoryPage;memoryResidentSet;memoryVirtual;nInstancesComputedGlobally;scenarioName;totalUsertime;~nDofs;~nDofsmuscle_quadratic;~nElements;~nElementsmuscle_quadratic;~nNodes;~nNodesmuscle_quadratic;
2025/11/28 19:39:24;cmcs09;opendihu 1.5, built Aug  7 2025, C++ 201402, GCC 12.2.0;1;0;1.6394e-05;18;0.015468;9;0.0231677;18;0.00277202;216;0.00297649;11;7.8842e-05;11;0.0106915;24;0.000171377;12;3.164e-06;2;0.00282027;11;0.000523633;24;1.4419e-05;10;0.0198311;24;0.000280168;13;7.066e-06;3;0.0104903;13;0.0315818;24;4.261e-06;1;2.22e-06;18;0.0011278;18;0.0435985;93;0.0316961;24;0.011832;12;0.00207302;2002;0.0022767;999;1.23852;22;0.0173642;11;1.23643;11;0.319824;10;0.0199765;11;0.00180394;11;0.500681;1;0.489971;1;lu;preonly;1.000000;none;cg;0.0005;0.001;0.1;0.001;1;normal;;lu;preonly;582139904;4096;144519168;900956160;9;default;2.63;30;275;29;20;30;275;
# timestamp;hostname;version;nRanks;rankNo;durationAssembleBoundaryConditions;n;durationComputeMappingBetweenMeshes;n;durationInitCellml;n;durationMap;n;durationMapFinalize;n;durationMapPrepare;n;durationParaview1D;n;durationParaview1DInit;n;durationParaview1DReduction;n;durationParaview1DWrite;n;durationParaview2D;n;durationParaview2D3DInit;n;durationParaview3D;n;durationParaview3DInit;n;durationParaview3DReduction;n;durationParaview3DWrite;n;durationParaviewOutput;n;durationReadGeometry;n;durationSetRightHandSide;n;durationSetStiffnessMatrix;n;durationWriteOutput;n;durationWriteOutputParaview;n;durationWriteOutputPythonCallback;n;duration_0D;n;duration_1D;n;duration_3D;n;duration_3D_advanceTimeSpan1;n;duration_3D_advanceTimeSpan2;n;duration_3D_durationSolve;n;duration_3D_transfer12;n;duration_3D_transfer21;n;duration_mechanics;n;duration_mechanics_durationSolve;n;anonymous0_preconditionerType;anonymous0_solverType;currentSimulationTime;diffusionSolver_preconditionerType;diffusionSolver_solverType;dt_0D;dt_1D;dt_3D;dt_splitting;endTime;exit;exit_signal;mechanicsSolver_preconditionerType;mechanicsSolver_solverType;memoryData;memoryPage;memoryResidentSet;memoryVirtual;nInstancesComputedGlobally;scenarioName;totalUsertime;~nDofs;~nDofsmuscle_quadratic;~nElements;~nElementsmuscle_quadratic;~nNodes;~nNodesmuscle_quadratic;
2025/11/28 19:39:32;cmcs09;opendihu 1.5, built Aug  7 2025, C++ 201402, GCC 12.2.0;1;0;1.8882e-05;18;0.0156048;9;0.0247174;18;0.00270809;216;0.00295733;11;7.8015e-05;11;0.0104017;24;0.000174324;12;2.99e-06;2;0.00275058;11;0.000526327;24;1.4065e-05;10;0.019239;24;0.000271618;13;7.727e-06;3;0.0102018;13;0.0306963;24;3.948e-06;1;2.206e-06;18;0.00116219;18;0.0425297;93;0.0308012;24;0.0116646;12;0.00207641;2002;0.00224141;999;1.10795;22;0.0168906;11;1.10518;11;0.31395;10;0.0200269;11;0.0017492;11;0.382428;1;0.371675;1;lu;preonly;1.000000;none;cg;0.0005;0.001;0.1;0.001;1;normal;;lu;preonly;582148096;4096;146657280;900964352;9;default;2.49;30;275;29;20;30;275;
# timestamp;hostname;version;nRanks;rankNo;durationAssembleBoundaryConditions;n;durationComputeMappingBetweenMeshes;n;durationInitCellml;n;durationMap;n;durationMapFinalize;n;durationMapPrepare;n;durationParaview1D;n;durationParaview1DInit;n;durationParaview1DReduction;n;durationParaview1DWrite;n;durationParaview2D;n;durationParaview2D3DInit;n;durationParaview3D;n;durationParaview3DInit;n;durationParaview3DReduction;n;durationParaview3DWrite;n;durationParaviewOutput;n;durationReadGeometry;n;durationSetRightHandSide;n;durationSetStiffnessMatrix;n;durationWriteOutput;n;durationWriteOutputParaview;n;durationWriteOutputPythonCallback;n;duration_0D;n;duration_1D;n;duration_3D;n;duration_3D_advanceTimeSpan1;n;duration_3D_advanceTimeSpan2;n;duration_3D_durationSolve;n;duration_3D_transfer12;n;duration_3D_transfer21;n;duration_mechanics;n;duration_mechanics_durationSolve;n;anonymous0_preconditionerType;anonymous0_solverType;currentSimulationTime;diffusionSolver_preconditionerType;diffusionSolver_solverType;dt_0D;dt_1D;dt_3D;dt_splitting;endTime;exit;exit_signal;mechanicsSolver_preconditionerType;mechanicsSolver_solverType;memoryData;memoryPage;memoryResidentSet;memoryVirtual;nInstancesComputedGlobally;scenarioName;totalUsertime;~nDofs;~nDofsmuscle_quadratic;~nElements;~nElementsmuscle_quadratic;~nNodes;~nNodesmuscle_quadratic;
2025/11/28 19:39:40;cmcs09;opendihu 1.5, built Aug  7 2025, C++ 201402, GCC 12.2.0;1;0;1.7515e-05;18;0.0155978;9;0.0234784;18;0.00297401;216;0.00341921;11;9.0953e-05;11;0.0119793;24;0.000170778;12;3.258e-06;2;0.00297909;11;0.00053465;24;1.4684e-05;10;0.0214416;24;0.000282671;13;7.2e-06;3;0.010769;13;0.0345328;24;4.027e-06;1;2.028e-06;18;0.00112002;18;0.0483239;93;0.0346763;24;0.0135579;12;0.00227229;2002;0.0023554;999;1.15599;22;0.0194775;11;1.15616;11;0.328729;10;0.0207531;11;0.00196334;11;0.399853;1;0.389107;1;lu;preonly;1.000000;none;cg;0.0005;0.001;0.1;0.001;1;normal;;lu;preonly;582148096;4096;144568320;900964352;9;default;2.56;30;275;29;20;30;275;
# timestamp;hostname;version;nRanks;rankNo;durationAssembleBoundaryConditions;n;durationComputeMappingBetweenMeshes;n;durationInitCellml;n;durationMap;n;durationMapFinalize;n;durationMapPrepare;n;durationParaview1D;n;durationParaview1DInit;n;durationParaview1DReduction;n;durationParaview1DWrite;n;durationParaview2D;n;durationParaview2D3DInit;n;durationParaview3D;n;durationParaview3DInit;n;durationParaview3DReduction;n;durationParaview3DWrite;n;durationParaviewOutput;n;durationReadGeometry;n;durationSetRightHandSide;n;durationSetStiffnessMatrix;n;durationWriteOutput;n;durationWriteOutputParaview;n;durationWriteOutputPythonCallback;n;duration_0D;n;duration_1D;n;duration_3D;n;duration_3D_advanceTimeSpan1;n;duration_3D_advanceTimeSpan2;n;duration_3D_durationSolve;n;duration_3D_transfer12;n;duration_3D_transfer21;n;duration_mechanics;n;duration_mechanics_durationSolve;n;anonymous0_preconditionerType;anonymous0_solverType;currentSimulationTime;diffusionSolver_preconditionerType;diffusionSolver_solverType;dt_0D;dt_1D;dt_3D;dt_splitting;endTime;exit;exit_signal;mechanicsSolver_preconditionerType;mechanicsSolver_solverType;memoryData;memoryPage;memoryResidentSet;memoryVirtual;nInstancesComputedGlobally;scenarioName;totalUsertime;~nDofs;~nDofsmuscle_quadratic;~nElements;~nElementsmuscle_quadratic;~nNodes;~nNodesmuscle_quadratic;
2025/11/28 19:39:48;cmcs09;opendihu 1.5, built Aug  7 2025, C++ 201402, GCC 12.2.0;1;0;2.2377e-05;18;0.0154713;9;0.0233399;18;0.00271001;216;0.0029356;11;7.3873e-05;11;0.0104443;24;0.000173141;12;3.257e-06;2;0.00278925;11;0.000532623;24;1.379e-05;10;0.0193179;24;0.000278969;13;7.32e-06;3;0.0104935;13;0.0308217;24;3.486e-06;1;2.248e-06;18;0.00114942;18;0.0424951;93;0.0309189;24;0.0115154;12;0.00206785;2002;0.00224182;999;1.10325;22;0.0168483;11;1.10056;11;0.312243;10;0.0198772;11;0.0017146;11;0.381161;1;0.37038;1;lu;preonly;1.000000;none;cg;0.0005;0.001;0.1;0.001;1;normal;;lu;preonly;582152192;4096;144777216;900968448;9;default;2.49;30;275;29;20;30;275;
# timestamp;hostname;version;nRanks;rankNo;durationAssembleBoundaryConditions;n;durationComputeMappingBetweenMeshes;n;durationInitCellml;n;durationMap;n;durationMapFinalize;n;durationMapPrepare;n;durationParaview1D;n;durationParaview1DInit;n;durationParaview1DReduction;n;durationParaview1DWrite;n;durationParaview2D;n;durationParaview2D3DInit;n;durationParaview3D;n;durationParaview3DInit;n;durationParaview3DReduction;n;durationParaview3DWrite;n;durationParaviewOutput;n;durationReadGeometry;n;durationSetRightHandSide;n;durationSetStiffnessMatrix;n;durationWriteOutput;n;durationWriteOutputParaview;n;durationWriteOutputPythonCallback;n;duration_0D;n;duration_1D;n;duration_3D;n;duration_3D_advanceTimeSpan1;n;duration_3D_advanceTimeSpan2;n;duration_3D_durationSolve;n;duration_3D_transfer12;n;duration_3D_transfer21;n;duration_mechanics;n;duration_mechanics_durationSolve;n;anonymous0_preconditionerType;anonymous0_solverType;currentSimulationTime;diffusionSolver_preconditionerType;diffusionSolver_solverType;dt_0D;dt_1D;dt_3D;dt_splitting;endTime;exit;exit_signal;mechanicsSolver_preconditionerType;mechanicsSolver_solverType;memoryData;memoryPage;memoryResidentSet;memoryVirtual;nInstancesComputedGlobally;scenarioName;totalUsertime;~nDofs;~nDofsmuscle_quadratic;~nElements;~nElementsmuscle_quadratic;~nNodes;~nNodesmuscle_quadratic;
2025/11/28 19:39:55;cmcs09;opendihu 1.5, built Aug  7 2025, C++ 201402, GCC 12.2.0;1;0;1.7247e-05;18;0.0154483;9;0.0233561;18;0.00270749;216;0.00291573;11;7.4077e-05;11;0.0103711;24;0.000171599;12;3.205e-06;2;0.00279389;11;0.000518119;24;1.4242e-05;10;0.01899;24;0.000278636;13;6.999e-06;3;0.0102808;13;0.0304182;24;3.988e-06;1;1.956e-06;18;0.00115873;18;0.0419951;93;0.0305181;24;0.0114173;12;0.00207726;2002;0.00223729;999;0.982783;22;0.0166716;11;0.979749;11;0.31198;10;0.0198338;11;0.00170647;11;0.261996;1;0.251238;1;lu;preonly;1.000000;none;cg;0.0005;0.001;0.1;0.001;1;normal;;lu;preonly;582148096;4096;144666624;900964352;9;default;2.4;30;275;29;20;30;275;
# timestamp;hostname;version;nRanks;rankNo;durationAssembleBoundaryConditions;n;durationComputeMappingBetweenMeshes;n;durationInitCellml;n;durationMap;n;durationMapFinalize;n;durationMapPrepare;n;durationParaview1D;n;durationParaview1DInit;n;durationParaview1DReduction;n;durationParaview1DWrite;n;durationParaview2D;n;durationParaview2D3DInit;n;durationParaview3D;n;durationParaview3DInit;n;durationParaview3DReduction;n;durationParaview3DWrite;n;durationParaviewOutput;n;durationReadGeometry;n;durationSetRightHandSide;n;durationSetStiffnessMatrix;n;durationWriteOutput;n;durationWriteOutputParaview;n;durationWriteOutputPythonCallback;n;duration_0D;n;duration_1D;n;duration_3D;n;duration_3D_advanceTimeSpan1;n;duration_3D_advanceTimeSpan2;n;duration_3D_durationSolve;n;duration_3D_transfer12;n;duration_3D_transfer21;n;duration_mechanics;n;duration_mechanics_durationSolve;n;anonymous0_preconditionerType;anonymous0_solverType;currentSimulationTime;diffusionSolver_preconditionerType;diffusionSolver_solverType;dt_0D;dt_1D;dt_3D;dt_splitting;endTime;exit;exit_signal;mechanicsSolver_preconditionerType;mechanicsSolver_solverType;memoryData;memoryPage;memoryResidentSet;memoryVirtual;nInstancesComputedGlobally;scenarioName;totalUsertime;~nDofs;~nDofsmuscle_quadratic;~nElements;~nElementsmuscle_quadratic;~nNodes;~nNodesmuscle_quadratic;
2025/11/28 19:40:03;cmcs09;opendihu 1.5, built Aug  7 2025, C++ 201402, GCC 12.2.0;1;0;1.8027e-05;18;0.0154921;9;0.0235278;18;0.00271551;216;0.00294201;11;7.2533e-05;11;0.0103232;24;0.000174934;12;2.949e-06;2;0.00281905;11;0.00052309;24;1.4767e-05;10;0.0190378;24;0.00027865;13;6.957e-06;3;0.0105569;13;0.0304038;24;3.929e-06;1;1.6e-06;18;0.00120635;18;0.0417627;93;0.0304992;24;0.0112053;12;0.00206658;2002;0.00224287;999;1.10593;22;0.0165257;11;1.10285;11;0.31306;10;0.0199326;11;0.00169723;11;0.383658;1;0.372916;1;lu;preonly;1.000000;none;cg;0.0005;0.001;0.1;0.001;1;normal;;lu;preonly;582148096;4096;144441344;900964352;9;default;2.53;30;275;29;20;30;275;
# timestamp;hostname;version;nRanks;rankNo;durationAssembleBoundaryConditions;n;durationComputeMappingBetweenMeshes;n;durationInitCellml;n;durationMap;n;durationMapFinalize;n;durationMapPrepare;n;durationParaview1D;n;durationParaview1DInit;n;durationParaview1DReduction;n;durationParaview1DWrite;n;durationParaview2D;n;durationParaview2D3DInit;n;durationParaview3D;n;durationParaview3DInit;n;durationParaview3DReduction;n;durationParaview3DWrite;n;durationParaviewOutput;n;durationReadGeometry;n;durationSetRightHandSide;n;durationSetStiffnessMatrix;n;durationWriteOutput;n;durationWriteOutputParaview;n;durationWriteOutputPythonCallback;n;duration_0D;n;duration_1D;n;duration_3D;n;duration_3D_advanceTimeSpan1;n;duration_3D_advanceTimeSpan2;n;duration_3D_durationSolve;n;duration_3D_transfer12;n;duration_3D_transfer21;n;duration_mechanics;n;duration_mechanics_durationSolve;n;anonymous0_preconditionerType;anonymous0_solverType;currentSimulationTime;diffusionSolver_preconditionerType;diffusionSolver_solverType;dt_0D;dt_1D;dt_3D;dt_splitting;endTime;exit;exit_signal;mechanicsSolver_preconditionerType;mechanicsSolver_solverType;memoryData;memoryPage;memoryResidentSet;memoryVirtual;nInstancesComputedGlobally;scenarioName;totalUsertime;~nDofs;~nDofsmuscle_quadratic;~nElements;~nElementsmuscle_quadratic;~nNodes;~nNodesmuscle_quadratic;
2025/11/28 19:40:11;cmcs09;opendihu 1.5, built Aug  7 2025, C++ 201402, GCC 12.2.0;1;0;1.6699e-05;18;0.0154613;9;0.0232229;18;0.00269929;216;0.00292562;11;7.5275e-05;11;0.010292;24;0.000173193;12;3.187e-06;2;0.00278008;11;0.000529058;24;1.42e-05;10;0.0191629;24;0.000273839;13;7.027e-06;3;0.0105196;13;0.0305117;24;3.164e-06;1;2.038e-06;18;0.00115567;18;0.0419135;93;0.0306069;24;0.0112497;12;0.00205658;2002;0.0022453;999;1.10524;22;0.0165194;11;1.10235;11;0.313004;10;0.0198581;11;0.00168755;11;0.382144;1;0.371389;1;lu;preonly;1.000000;none;cg;0.0005;0.001;0.1;0.001;1;normal;;lu;preonly;582148096;4096;144441344;900964352;9;default;2.48;30;275;29;20;30;275;
# timestamp;hostname;version;nRanks;rankNo;durationAssembleBoundaryConditions;n;durationComputeMappingBetweenMeshes;n;durationInitCellml;n;durationMap;n;durationMapFinalize;n;durationMapPrepare;n;durationParaview1D;n;durationParaview1DInit;n;durationParaview1DReduction;n;durationParaview1DWrite;n;durationParaview2D;n;durationParaview2D3DInit;n;durationParaview3D;n;durationParaview3DInit;n;durationParaview3DReduction;n;durationParaview3DWrite;n;durationParaviewOutput;n;durationReadGeometry;n;durationSetRightHandSide;n;durationSetStiffnessMatrix;n;durationWriteOutput;n;durationWriteOutputParaview;n;durationWriteOutputPythonCallback;n;duration_0D;n;duration_1D;n;duration_3D;n;duration_3D_advanceTimeSpan1;n;duration_3D_advanceTimeSpan2;n;duration_3D_durationSolve;n;duration_3D_transfer12;n;duration_3D_transfer21;n;duration_mechanics;n;duration_mechanics_durationSolve;n;anonymous0_preconditionerType;anonymous0_solverType;currentSimulationTime;diffusionSolver_preconditionerType;diffusionSolver_solverType;dt_0D;dt_1D;dt_3D;dt_splitting;endTime;exit;exit_signal;mechanicsSolver_preconditionerType;mechanicsSolver_solverType;memoryData;memoryPage;memoryResidentSet;memoryVirtual;nInstancesComputedGlobally;scenarioName;totalUsertime;~nDofs;~nDofsmuscle_quadratic;~nElements;~nElementsmuscle_quadratic;~nNodes;~nNodesmuscle_quadratic;
2025/11/28 19:40:19;cmcs09;opendihu 1.5, built Aug  7 2025, C++ 201402, GCC 12.2.0;1;0;1.8501e-05;18;0.0155467;9;0.0239768;18;0.00268607;216;0.00293057;11;7.0289e-05;11;0.0103559;24;0.000175807;12;2.943e-06;2;0.00286947;11;0.000525603;24;1.4916e-05;10;0.0187587;24;0.000277595;13;7.176e-06;3;0.0101897;13;0.0301699;24;3.772e-06;1;1.917e-06;18;0.00116794;18;0.0414575;93;0.0302605;24;0.0111395;12;0.00206505;2002;0.00224451;999;1.22785;22;0.0165158;11;1.2245;11;0.314992;10;0.0199386;11;0.00167576;11;0.501463;1;0.490758;1;lu;preonly;1.000000;none;cg;0.0005;0.001;0.1;0.001;1;normal;;lu;preonly;582144000;4096;144429056;900960256;9;default;2.6;30;275;29;20;30;275;
# timestamp;hostname;version;nRanks;rankNo;durationAssembleBoundaryConditions;n;durationComputeMappingBetweenMeshes;n;durationInitCellml;n;durationMap;n;durationMapFinalize;n;durationMapPrepare;n;durationParaview1D;n;durationParaview1DInit;n;durationParaview1DReduction;n;durationParaview1DWrite;n;durationParaview2D;n;durationParaview2D3DInit;n;durationParaview3D;n;durationParaview3DInit;n;durationParaview3DReduction;n;durationParaview3DWrite;n;durationParaviewOutput;n;durationReadGeometry;n;durationSetRightHandSide;n;durationSetStiffnessMatrix;n;durationWriteOutput;n;durationWriteOutputParaview;n;durationWriteOutputPythonCallback;n;duration_0D;n;duration_1D;n;duration_3D;n;duration_3D_advanceTimeSpan1;n;duration_3D_advanceTimeSpan2;n;duration_3D_durationSolve;n;duration_3D_transfer12;n;duration_3D_transfer21;n;duration_mechanics;n;duration_mechanics_durationSolve;n;anonymous0_preconditionerType;anonymous0_solverType;currentSimulationTime;diffusionSolver_preconditionerType;diffusionSolver_solverType;dt_0D;dt_1D;dt_3D;dt_splitting;endTime;exit;exit_signal;mechanicsSolver_preconditionerType;mechanicsSolver_solverType;memoryData;memoryPage;memoryResidentSet;memoryVirtual;nInstancesComputedGlobally;scenarioName;totalUsertime;~nDofs;~nDofsmuscle_quadratic;~nElements;~nElementsmuscle_quadratic;~nNodes;~nNodesmuscle_quadratic;
2025/11/28 19:40:27;cmcs09;opendihu 1.5, built Aug  7 2025, C++ 201402, GCC 12.2.0;1;0;1.6793e-05;18;0.015723;9;0.023364;18;0.00280022;216;0.00296175;11;9.0315e-05;11;0.0112504;24;0.00018531;12;3.299e-06;2;0.002777;11;0.000540586;24;1.6148e-05;10;0.0209781;24;0.000290396;13;9.26e-06;3;0.01049;13;0.033306;24;3.904e-06;1;1.988e-06;18;0.00113421;18;0.046882;93;0.0334359;24;0.01336;12;0.00210347;2002;0.00224219;999;1.12993;22;0.0181923;11;1.12853;11;0.320439;10;0.0202924;11;0.00187825;11;0.381308;1;0.370355;1;lu;preonly;1.000000;none;cg;0.0005;0.001;0.1;0.001;1;normal;;lu;preonly;582148096;4096;146489344;900964352;9;default;2.54;30;275;29;20;30;275;
# timestamp;hostname;version;nRanks;rankNo;durationAssembleBoundaryConditions;n;durationComputeMappingBetweenMeshes;n;durationInitCellml;n;durationMap;n;durationMapFinalize;n;durationMapPrepare;n;durationParaview1D;n;durationParaview1DInit;n;durationParaview1DReduction;n;durationParaview1DWrite;n;durationParaview2D;n;durationParaview2D3DInit;n;durationParaview3D;n;durationParaview3DInit;n;durationParaview3DReduction;n;durationParaview3DWrite;n;durationParaviewOutput;n;durationReadGeometry;n;durationSetRightHandSide;n;durationSetStiffnessMatrix;n;durationWriteOutput;n;durationWriteOutputParaview;n;durationWriteOutputPythonCallback;n;duration_0D;n;duration_1D;n;duration_3D;n;duration_3D_advanceTimeSpan1;n;duration_3D_advanceTimeSpan2;n;duration_3D_durationSolve;n;duration_3D_transfer12;n;duration_3D_transfer21;n;duration_mechanics;n;duration_mechanics_durationSolve;n;anonymous0_preconditionerType;anonymous0_solverType;currentSimulationTime;diffusionSolver_preconditionerType;diffusionSolver_solverType;dt_0D;dt_1D;dt_3D;dt_splitting;endTime;exit;exit_signal;mechanicsSolver_preconditionerType;mechanicsSolver_solverType;memoryData;memoryPage;memoryResidentSet;memoryVirtual;nInstancesComputedGlobally;scenarioName;totalUsertime;~nDofs;~nDofsmuscle_quadratic;~nElements;~nElementsmuscle_quadratic;~nNodes;~nNodesmuscle_quadratic;
2025/11/28 19:40:35;cmcs09;opendihu 1.5, built Aug  7 2025, C++ 201402, GCC 12.2.0;1;0;1.6592e-05;18;0.0154164;9;0.0247897;18;0.00268892;216;0.00292209;11;7.5163e-05;11;0.0102702;24;0.000173539;12;2.913e-06;2;0.00278413;11;0.000515985;24;1.3497e-05;10;0.0188864;24;0.000274775;13;7.248e-06;3;0.0102945;13;0.0301976;24;3.978e-06;1;1.908e-06;18;0.00114089;18;0.0415314;93;0.0302882;24;0.0111848;12;0.00206407;2002;0.00224331;999;1.10014;22;0.0164623;11;1.09699;11;0.310735;10;0.0198123;11;0.00167984;11;0.381686;1;0.370974;1;lu;preonly;1.000000;none;cg;0.0005;0.001;0.1;0.001;1;normal;;lu;preonly;582148096;4096;144715776;900964352;9;default;2.49;30;275;29;20;30;275;
# timestamp;hostname;version;nRanks;rankNo;durationAssembleBoundaryConditions;n;durationComputeMappingBetweenMeshes;n;durationInitCellml;n;durationMap;n;durationMapFinalize;n;durationMapPrepare;n;durationParaview1D;n;durationParaview1DInit;n;durationParaview1DReduction;n;durationParaview1DWrite;n;durationParaview2D;n;durationParaview2D3DInit;n;durationParaview3D;n;durationParaview3DInit;n;durationParaview3DReduction;n;durationParaview3DWrite;n;durationParaviewOutput;n;durationReadGeometry;n;durationSetRightHandSide;n;durationSetStiffnessMatrix;n;durationWriteOutput;n;durationWriteOutputParaview;n;durationWriteOutputPythonCallback;n;duration_0D;n;duration_1D;n;duration_3D;n;duration_3D_advanceTimeSpan1;n;duration_3D_advanceTimeSpan2;n;duration_3D_durationSolve;n;duration_3D_transfer12;n;duration_3D_transfer21;n;duration_mechanics;n;duration_mechanics_durationSolve;n;anonymous0_preconditionerType;anonymous0_solverType;currentSimulationTime;diffusionSolver_preconditionerType;diffusionSolver_solverType;dt_0D;dt_1D;dt_3D;dt_splitting;endTime;exit;exit_signal;mechanicsSolver_preconditionerType;mechanicsSolver_solverType;memoryData;memoryPage;memoryResidentSet;memoryVirtual;nInstancesComputedGlobally;scenarioName;totalUsertime;~nDofs;~nDofsmuscle_quadratic;~nElements;~nElementsmuscle_quadratic;~nNodes;~nNodesmuscle_quadratic;
2025/11/28 19:40:43;cmcs09;opendihu 1.5, built Aug  7 2025, C++ 201402, GCC 12.2.0;1;0;1.8602e-05;18;0.0155529;9;0.0232251;18;0.00269957;216;0.00292328;11;7.4716e-05;11;0.0103594;24;0.000170431;12;3.161e-06;2;0.00281075;11;0.000526859;24;1.4012e-05;10;0.0188048;24;0.000279404;13;6.969e-06;3;0.0102541;13;0.0302094;24;3.439e-06;1;1.98e-06;18;0.00113284;18;0.0415221;93;0.0303091;24;0.0111569;12;0.00206738;2002;0.00226855;999;1.1055;22;0.0165975;11;1.10222;11;0.313926;10;0.019946;11;0.00167302;11;0.38046;1;0.369686;1;lu;preonly;1.000000;none;cg;0.0005;0.001;0.1;0.001;1;normal;;lu;preonly;582148096;4096;146501632;900964352;9;default;2.52;30;275;29;20;30;275;
# timestamp;hostname;version;nRanks;rankNo;durationAssembleBoundaryConditions;n;durationComputeMappingBetweenMeshes;n;durationInitCellml;n;durationMap;n;durationMapFinalize;n;durationMapPrepare;n;durationParaview1D;n;durationParaview1DInit;n;durationParaview1DReduction;n;durationParaview1DWrite;n;durationParaview2D;n;durationParaview2D3DInit;n;durationParaview3D;n;durationParaview3DInit;n;durationParaview3DReduction;n;durationParaview3DWrite;n;durationParaviewOutput;n;durationReadGeometry;n;durationSetRightHandSide;n;durationSetStiffnessMatrix;n;durationWriteOutput;n;durationWriteOutputParaview;n;durationWriteOutputPythonCallback;n;duration_0D;n;duration_1D;n;duration_3D;n;duration_3D_advanceTimeSpan1;n;duration_3D_advanceTimeSpan2;n;duration_3D_durationSolve;n;duration_3D_transfer12;n;duration_3D_transfer21;n;duration_mechanics;n;duration_mechanics_durationSolve;n;anonymous0_preconditionerType;anonymous0_solverType;currentSimulationTime;diffusionSolver_preconditionerType;diffusionSolver_solverType;dt_0D;dt_1D;dt_3D;dt_splitting;endTime;exit;exit_signal;mechanicsSolver_preconditionerType;mechanicsSolver_solverType;memoryData;memoryPage;memoryResidentSet;memoryVirtual;nInstancesComputedGlobally;scenarioName;totalUsertime;~nDofs;~nDofsmuscle_quadratic;~nElements;~nElementsmuscle_quadratic;~nNodes;~nNodesmuscle_quadratic;
2025/11/28 19:40:51;cmcs09;opendihu 1.5, built Aug  7 2025, C++ 201402, GCC 12.2.0;1;0;1.6247e-05;18;0.0154494;9;0.0233381;18;0.00269495;216;0.00292505;11;7.3757e-05;11;0.0103594;24;0.000174419;12;3.103e-06;2;0.00278656;11;0.000542521;24;1.4139e-05;10;0.0189613;24;0.000284314;13;7.326e-06;3;0.0103255;13;0.0303885;24;3.943e-06;1;1.601e-06;18;0.00113744;18;0.0416531;93;0.0304795;24;0.0111165;12;0.00206393;2002;0.00225121;999;1.10323;22;0.0165738;11;1.10015;11;0.311501;10;0.0198364;11;0.00167996;11;0.383518;1;0.372789;1;lu;preonly;1.000000;none;cg;0.0005;0.001;0.1;0.001;1;normal;;lu;preonly;582148096;4096;146653184;900964352;9;default;2.54;30;275;29;20;30;275;
# timestamp;hostname;version;nRanks;rankNo;durationAssembleBoundaryConditions;n;durationComputeMappingBetweenMeshes;n;durationInitCellml;n;durationMap;n;durationMapFinalize;n;durationMapPrepare;n;durationParaview1D;n;durationParaview1DInit;n;durationParaview1DReduction;n;durationParaview1DWrite;n;durationParaview2D;n;durationParaview2D3DInit;n;durationParaview3D;n;durationParaview3DInit;n;durationParaview3DReduction;n;durationParaview3DWrite;n;durationParaviewOutput;n;durationReadGeometry;n;durationSetRightHandSide;n;durationSetStiffnessMatrix;n;durationWriteOutput;n;durationWriteOutputParaview;n;durationWriteOutputPythonCallback;n;duration_0D;n;duration_1D;n;duration_3D;n;duration_3D_advanceTimeSpan1;n;duration_3D_advanceTimeSpan2;n;duration_3D_durationSolve;n;duration_3D_transfer12;n;duration_3D_transfer21;n;duration_mechanics;n;duration_mechanics_durationSolve;n;anonymous0_preconditionerType;anonymous0_solverType;currentSimulationTime;diffusionSolver_preconditionerType;diffusionSolver_solverType;dt_0D;dt_1D;dt_3D;dt_splitting;endTime;exit;exit_signal;mechanicsSolver_preconditionerType;mechanicsSolver_solverType;memoryData;memoryPage;memoryResidentSet;memoryVirtual;nInstancesComputedGlobally;scenarioName;totalUsertime;~nDofs;~nDofsmuscle_quadratic;~nElements;~nElementsmuscle_quadratic;~nNodes;~nNodesmuscle_quadratic;
2025/11/28 19:40:59;cmcs09;opendihu 1.5, built Aug  7 2025, C++ 201402, GCC 12.2.0;1;0;2.5915e-05;18;0.0158626;9;0.0233289;18;0.00272278;216;0.00292143;11;7.3361e-05;11;0.0102762;24;0.000177609;12;3.193e-06;2;0.00277248;11;0.000532534;24;1.4255e-05;10;0.0191664;24;0.000280799;13;6.628e-06;3;0.0103771;13;0.0304923;24;3.445e-06;1;1.905e-06;18;0.00114587;18;0.0416426;93;0.0305835;24;0.0110009;12;0.00205177;2002;0.00224239;999;0.738537;22;0.0163869;11;0.734974;11;0.312789;10;0.02024;11;0.00169818;11;0.0150159;1;0.00421898;1;lu;preonly;1.000000;none;cg;0.0005;0.001;0.1;0.001;1;normal;;lu;preonly;580018176;4096;144166912;898834432;9;default;2.16;30;275;29;20;30;275;
# timestamp;hostname;version;nRanks;rankNo;durationAssembleBoundaryConditions;n;durationComputeMappingBetweenMeshes;n;durationInitCellml;n;durationMap;n;durationMapFinalize;n;durationMapPrepare;n;durationParaview1D;n;durationParaview1DInit;n;durationParaview1DReduction;n;durationParaview1DWrite;n;durationParaview2D;n;durationParaview2D3DInit;n;durationParaview3D;n;durationParaview3DInit;n;durationParaview3DReduction;n;durationParaview3DWrite;n;durationParaviewOutput;n;durationReadGeometry;n;durationSetRightHandSide;n;durationSetStiffnessMatrix;n;durationWriteOutput;n;durationWriteOutputParaview;n;durationWriteOutputPythonCallback;n;duration_0D;n;duration_1D;n;duration_3D;n;duration_3D_advanceTimeSpan1;n;duration_3D_advanceTimeSpan2;n;duration_3D_durationSolve;n;duration_3D_transfer12;n;duration_3D_transfer21;n;duration_mechanics;n;duration_mechanics_durationSolve;n;anonymous0_preconditionerType;anonymous0_solverType;currentSimulationTime;diffusionSolver_preconditionerType;diffusionSolver_solverType;dt_0D;dt_1D;dt_3D;dt_splitting;endTime;exit;exit_signal;mechanicsSolver_preconditionerType;mechanicsSolver_solverType;memoryData;memoryPage;memoryResidentSet;memoryVirtual;nInstancesComputedGlobally;scenarioName;totalUsertime;~nDofs;~nDofsmuscle_quadratic;~nElements;~nElementsmuscle_quadratic;~nNodes;~nNodesmuscle_quadratic;
2025/11/28 19:41:08;cmcs09;opendihu 1.5, built Aug  7 2025, C++ 201402, GCC 12.2.0;1;0;1.8605e-05;18;0.0154406;9;0.0237092;18;0.00270701;216;0.00295116;11;7.1305e-05;11;0.0103288;24;0.000171495;12;2.895e-06;2;0.00277471;11;0.000525196;24;1.4416e-05;10;0.0190331;24;0.000280543;13;7.197e-06;3;0.0103483;13;0.0304181;24;3.115e-06;1;2.143e-06;18;0.00113557;18;0.0418601;93;0.030512;24;0.0112915;12;0.00207992;2002;0.00223564;999;1.21994;22;0.0165835;11;1.21696;11;0.310865;10;0.0198493;11;0.00170278;11;0.500836;1;0.490061;1;lu;preonly;1.000000;none;cg;0.0005;0.001;0.1;0.001;1;normal;;lu;preonly;582144000;4096;144560128;900960256;9;default;2.64;30;275;29;20;30;275;
# timestamp;hostname;version;nRanks;rankNo;durationAssembleBoundaryConditions;n;durationComputeMappingBetweenMeshes;n;durationInitCellml;n;durationMap;n;durationMapFinalize;n;durationMapPrepare;n;durationParaview1D;n;durationParaview1DInit;n;durationParaview1DReduction;n;durationParaview1DWrite;n;durationParaview2D;n;durationParaview2D3DInit;n;durationParaview3D;n;durationParaview3DInit;n;durationParaview3DReduction;n;durationParaview3DWrite;n;durationParaviewOutput;n;durationReadGeometry;n;durationSetRightHandSide;n;durationSetStiffnessMatrix;n;durationWriteOutput;n;durationWriteOutputParaview;n;durationWriteOutputPythonCallback;n;duration_0D;n;duration_1D;n;duration_3D;n;duration_3D_advanceTimeSpan1;n;duration_3D_advanceTimeSpan2;n;duration_3D_durationSolve;n;duration_3D_transfer12;n;duration_3D_transfer21;n;duration_mechanics;n;duration_mechanics_durationSolve;n;anonymous0_preconditionerType;anonymous0_solverType;currentSimulationTime;diffusionSolver_preconditionerType;diffusionSolver_solverType;dt_0D;dt_1D;dt_3D;dt_splitting;endTime;exit;exit_signal;mechanicsSolver_preconditionerType;mechanicsSolver_solverType;memoryData;memoryPage;memoryResidentSet;memoryVirtual;nInstancesComputedGlobally;scenarioName;totalUsertime;~nDofs;~nDofsmuscle_quadratic;~nElements;~nElementsmuscle_quadratic;~nNodes;~nNodesmuscle_quadratic;
2025/11/28 19:41:15;cmcs09;opendihu 1.5, built Aug  7 2025, C++ 201402, GCC 12.2.0;1;0;1.7148e-05;18;0.0155031;9;0.0234776;18;0.00270175;216;0.00291958;11;7.1741e-05;11;0.0103438;24;0.000170138;12;3.004e-06;2;0.00281965;11;0.000530639;24;1.4172e-05;10;0.0188528;24;0.000284741;13;6.322e-06;3;0.0103361;13;0.0302453;24;3.234e-06;1;2.008e-06;18;0.00115028;18;0.0413964;93;0.0303364;24;0.0110026;12;0.00204699;2002;0.00224757;999;0.736677;22;0.0164904;11;0.73348;11;0.312552;10;0.0198874;11;0.00165536;11;0.0148727;1;0.00417486;1;lu;preonly;1.000000;none;cg;0.0005;0.001;0.1;0.001;1;normal;;lu;preonly;580014080;4096;141991936;898830336;9;default;2.16;30;275;29;20;30;275;
# timestamp;hostname;version;nRanks;rankNo;durationAssembleBoundaryConditions;n;durationComputeMappingBetweenMeshes;n;durationInitCellml;n;durationMap;n;durationMapFinalize;n;durationMapPrepare;n;durationParaview1D;n;durationParaview1DInit;n;durationParaview1DReduction;n;durationParaview1DWrite;n;durationParaview2D;n;durationParaview2D3DInit;n;durationParaview3D;n;durationParaview3DInit;n;durationParaview3DReduction;n;durationParaview3DWrite;n;durationParaviewOutput;n;durationReadGeometry;n;durationSetRightHandSide;n;durationSetStiffnessMatrix;n;durationWriteOutput;n;durationWriteOutputParaview;n;durationWriteOutputPythonCallback;n;duration_0D;n;duration_1D;n;duration_3D;n;duration_3D_advanceTimeSpan1;n;duration_3D_advanceTimeSpan2;n;duration_3D_durationSolve;n;duration_3D_transfer12;n;duration_3D_transfer21;n;duration_mechanics;n;duration_mechanics_durationSolve;n;anonymous0_preconditionerType;anonymous0_solverType;currentSimulationTime;diffusionSolver_preconditionerType;diffusionSolver_solverType;dt_0D;dt_1D;dt_3D;dt_splitting;endTime;exit;exit_signal;mechanicsSolver_preconditionerType;mechanicsSolver_solverType;memoryData;memoryPage;memoryResidentSet;memoryVirtual;nInstancesComputedGlobally;scenarioName;totalUsertime;~nDofs;~nDofsmuscle_quadratic;~nElements;~nElementsmuscle_quadratic;~nNodes;~nNodesmuscle_quadratic;
2025/11/28 19:41:24;cmcs09;opendihu 1.5, built Aug  7 2025, C++ 201402, GCC 12.2.0;1;0;1.749e-05;18;0.0155462;9;0.0232803;18;0.00270233;216;0.00292381;11;7.5092e-05;11;0.0101679;24;0.000175103;12;2.908e-06;2;0.00276297;11;0.000525281;24;1.4112e-05;10;0.0195186;24;0.000284051;13;6.843e-06;3;0.0109775;13;0.0307339;24;3.979e-06;1;2.117e-06;18;0.00112853;18;0.0419958;93;0.0308308;24;0.0111076;12;0.00204856;2002;0.00224966;999;1.23132;22;0.0163524;11;1.22863;11;0.312099;10;0.0199389;11;0.00169313;11;0.509528;1;0.498659;1;lu;preonly;1.000000;none;cg;0.0005;0.001;0.1;0.001;1;normal;;lu;preonly;582148096;4096;144424960;900964352;9;default;2.65;30;275;29;20;30;275;
# timestamp;hostname;version;nRanks;rankNo;durationAssembleBoundaryConditions;n;durationComputeMappingBetweenMeshes;n;durationInitCellml;n;durationMap;n;durationMapFinalize;n;durationMapPrepare;n;durationParaview1D;n;durationParaview1DInit;n;durationParaview1DReduction;n;durationParaview1DWrite;n;durationParaview2D;n;durationParaview2D3DInit;n;durationParaview3D;n;durationParaview3DInit;n;durationParaview3DReduction;n;durationParaview3DWrite;n;durationParaviewOutput;n;durationReadGeometry;n;durationSetRightHandSide;n;durationSetStiffnessMatrix;n;durationWriteOutput;n;durationWriteOutputParaview;n;durationWriteOutputPythonCallback;n;duration_0D;n;duration_1D;n;duration_3D;n;duration_3D_advanceTimeSpan1;n;duration_3D_advanceTimeSpan2;n;duration_3D_durationSolve;n;duration_3D_transfer12;n;duration_3D_transfer21;n;duration_mechanics;n;duration_mechanics_durationSolve;n;anonymous0_preconditionerType;anonymous0_solverType;currentSimulationTime;diffusionSolver_preconditionerType;diffusionSolver_solverType;dt_0D;dt_1D;dt_3D;dt_splitting;endTime;exit;exit_signal;mechanicsSolver_preconditionerType;mechanicsSolver_solverType;memoryData;memoryPage;memoryResidentSet;memoryVirtual;nInstancesComputedGlobally;scenarioName;totalUsertime;~nDofs;~nDofsmuscle_quadratic;~nElements;~nElementsmuscle_quadratic;~nNodes;~nNodesmuscle_quadratic;
2025/11/28 19:41:32;cmcs09;opendihu 1.5, built Aug  7 2025, C++ 201402, GCC 12.2.0;1;0;1.6314e-05;18;0.0155356;9;0.0231842;18;0.0027011;216;0.00293162;11;7.8265e-05;11;0.0103733;24;0.000175214;12;3.053e-06;2;0.00277794;11;0.000549196;24;1.4241e-05;10;0.01912;24;0.000277207;13;6.253e-06;3;0.0103623;13;0.0305875;24;3.336e-06;1;1.566e-06;18;0.00113416;18;0.0421089;93;0.0306929;24;0.0113565;12;0.00206597;2002;0.00225014;999;0.735048;22;0.0167652;11;0.732402;11;0.312205;10;0.0199456;11;0.00171818;11;0.0148564;1;0.00416343;1;lu;preonly;1.000000;none;cg;0.0005;0.001;0.1;0.001;1;normal;;lu;preonly;580009984;4096;142163968;898826240;9;default;2.13;30;275;29;20;30;275;
# timestamp;hostname;version;nRanks;rankNo;durationAssembleBoundaryConditions;n;durationComputeMappingBetweenMeshes;n;durationInitCellml;n;durationMap;n;durationMapFinalize;n;durationMapPrepare;n;durationParaview1D;n;durationParaview1DInit;n;durationParaview1DReduction;n;durationParaview1DWrite;n;durationParaview2D;n;durationParaview2D3DInit;n;durationParaview3D;n;durationParaview3DInit;n;durationParaview3DReduction;n;durationParaview3DWrite;n;durationParaviewOutput;n;durationReadGeometry;n;durationSetRightHandSide;n;durationSetStiffnessMatrix;n;durationWriteOutput;n;durationWriteOutputParaview;n;durationWriteOutputPythonCallback;n;duration_0D;n;duration_1D;n;duration_3D;n;duration_3D_advanceTimeSpan1;n;duration_3D_advanceTimeSpan2;n;duration_3D_durationSolve;n;duration_3D_transfer12;n;duration_3D_transfer21;n;duration_mechanics;n;duration_mechanics_durationSolve;n;anonymous0_preconditionerType;anonymous0_solverType;currentSimulationTime;diffusionSolver_preconditionerType;diffusionSolver_solverType;dt_0D;dt_1D;dt_3D;dt_splitting;endTime;exit;exit_signal;mechanicsSolver_preconditionerType;mechanicsSolver_solverType;memoryData;memoryPage;memoryResidentSet;memoryVirtual;nInstancesComputedGlobally;scenarioName;totalUsertime;~nDofs;~nDofsmuscle_quadratic;~nElements;~nElementsmuscle_quadratic;~nNodes;~nNodesmuscle_quadratic;
2025/11/28 19:41:40;cmcs09;opendihu 1.5, built Aug  7 2025, C++ 201402, GCC 12.2.0;1;0;1.7879e-05;18;0.0154813;9;0.0234753;18;0.00278216;216;0.00292137;11;7.0136e-05;11;0.0102104;24;0.000172751;12;2.96e-06;2;0.00274087;11;0.000520766;24;1.4774e-05;10;0.019069;24;0.000278481;13;6.913e-06;3;0.0104293;13;0.030321;24;3.009e-06;1;2.077e-06;18;0.00113843;18;0.0415989;93;0.0304193;24;0.0111213;12;0.00210531;2002;0.00225661;999;1.2259;22;0.0164638;11;1.22275;11;0.312105;10;0.0199209;11;0.00170573;11;0.504194;1;0.493208;1;lu;preonly;1.000000;none;cg;0.0005;0.001;0.1;0.001;1;normal;;lu;preonly;582148096;4096;144388096;900964352;9;default;2.61;30;275;29;20;30;275;
# timestamp;hostname;version;nRanks;rankNo;durationAssembleBoundaryConditions;n;durationComputeMappingBetweenMeshes;n;durationInitCellml;n;durationMap;n;durationMapFinalize;n;durationMapPrepare;n;durationParaview1D;n;durationParaview1DInit;n;durationParaview1DReduction;n;durationParaview1DWrite;n;durationParaview2D;n;durationParaview2D3DInit;n;durationParaview3D;n;durationParaview3DInit;n;durationParaview3DReduction;n;durationParaview3DWrite;n;durationParaviewOutput;n;durationReadGeometry;n;durationSetRightHandSide;n;durationSetStiffnessMatrix;n;durationWriteOutput;n;durationWriteOutputParaview;n;durationWriteOutputPythonCallback;n;duration_0D;n;duration_1D;n;duration_3D;n;duration_3D_advanceTimeSpan1;n;duration_3D_advanceTimeSpan2;n;duration_3D_durationSolve;n;duration_3D_transfer12;n;duration_3D_transfer21;n;duration_mechanics;n;duration_mechanics_durationSolve;n;anonymous0_preconditionerType;anonymous0_solverType;currentSimulationTime;diffusionSolver_preconditionerType;diffusionSolver_solverType;dt_0D;dt_1D;dt_3D;dt_splitting;endTime;exit;exit_signal;mechanicsSolver_preconditionerType;mechanicsSolver_solverType;memoryData;memoryPage;memoryResidentSet;memoryVirtual;nInstancesComputedGlobally;scenarioName;totalUsertime;~nDofs;~nDofsmuscle_quadratic;~nElements;~nElementsmuscle_quadratic;~nNodes;~nNodesmuscle_quadratic;
2025/11/28 19:41:48;cmcs09;opendihu 1.5, built Aug  7 2025, C++ 201402, GCC 12.2.0;1;0;1.6884e-05;18;0.0154356;9;0.0233672;18;0.0026845;216;0.00293189;11;7.3185e-05;11;0.0102341;24;0.00018705;12;3.019e-06;2;0.00275351;11;0.000536652;24;1.3978e-05;10;0.018876;24;0.000270317;13;7.135e-06;3;0.0104466;13;0.0301632;24;3.758e-06;1;2.328e-06;18;0.00113436;18;0.0412702;93;0.0302581;24;0.0109565;12;0.00206031;2002;0.00226342;999;0.731412;22;0.0163652;11;0.728442;11;0.31045;10;0.0198259;11;0.00165956;11;0.0148268;1;0.00415373;1;lu;preonly;1.000000;none;cg;0.0005;0.001;0.1;0.001;1;normal;;lu;preonly;580014080;4096;144166912;898830336;9;default;2.13;30;275;29;20;30;275;
# timestamp;hostname;version;nRanks;rankNo;durationAssembleBoundaryConditions;n;durationComputeMappingBetweenMeshes;n;durationInitCellml;n;durationMap;n;durationMapFinalize;n;durationMapPrepare;n;durationParaview1D;n;durationParaview1DInit;n;durationParaview1DReduction;n;durationParaview1DWrite;n;durationParaview2D;n;durationParaview2D3DInit;n;durationParaview3D;n;durationParaview3DInit;n;durationParaview3DReduction;n;durationParaview3DWrite;n;durationParaviewOutput;n;durationReadGeometry;n;durationSetRightHandSide;n;durationSetStiffnessMatrix;n;durationWriteOutput;n;durationWriteOutputParaview;n;durationWriteOutputPythonCallback;n;duration_0D;n;duration_1D;n;duration_3D;n;duration_3D_advanceTimeSpan1;n;duration_3D_advanceTimeSpan2;n;duration_3D_durationSolve;n;duration_3D_transfer12;n;duration_3D_transfer21;n;duration_mechanics;n;duration_mechanics_durationSolve;n;anonymous0_preconditionerType;anonymous0_solverType;currentSimulationTime;diffusionSolver_preconditionerType;diffusionSolver_solverType;dt_0D;dt_1D;dt_3D;dt_splitting;endTime;exit;exit_signal;mechanicsSolver_preconditionerType;mechanicsSolver_solverType;memoryData;memoryPage;memoryResidentSet;memoryVirtual;nInstancesComputedGlobally;scenarioName;totalUsertime;~nDofs;~nDofsmuscle_quadratic;~nElements;~nElementsmuscle_quadratic;~nNodes;~nNodesmuscle_quadratic;
2025/11/28 19:41:57;cmcs09;opendihu 1.5, built Aug  7 2025, C++ 201402, GCC 12.2.0;1;0;1.7832e-05;18;0.0159109;9;0.025056;18;0.00275463;216;0.00293094;11;8.2026e-05;11;0.0106657;24;0.000176557;12;3.169e-06;2;0.00283621;11;0.000525866;24;1.4812e-05;10;0.0198037;24;0.000290225;13;7.443e-06;3;0.010343;13;0.0315233;24;3.343e-06;1;1.782e-06;18;0.00124083;18;0.0434886;93;0.0316372;24;0.0117792;12;0.00206653;2002;0.00223855;999;1.23265;22;0.0172626;11;1.23008;11;0.316684;10;0.0203369;11;0.00181139;11;0.500433;1;0.489692;1;lu;preonly;1.000000;none;cg;0.0005;0.001;0.1;0.001;1;normal;;lu;preonly;582148096;4096;146452480;900964352;9;default;2.68;30;275;29;20;30;275;
# timestamp;hostname;version;nRanks;rankNo;durationAssembleBoundaryConditions;n;durationComputeMappingBetweenMeshes;n;durationInitCellml;n;durationMap;n;durationMapFinalize;n;durationMapPrepare;n;durationParaview1D;n;durationParaview1DInit;n;durationParaview1DReduction;n;durationParaview1DWrite;n;durationParaview2D;n;durationParaview2D3DInit;n;durationParaview3D;n;durationParaview3DInit;n;durationParaview3DReduction;n;durationParaview3DWrite;n;durationParaviewOutput;n;durationReadGeometry;n;durationSetRightHandSide;n;durationSetStiffnessMatrix;n;durationWriteOutput;n;durationWriteOutputParaview;n;durationWriteOutputPythonCallback;n;duration_0D;n;duration_1D;n;duration_3D;n;duration_3D_advanceTimeSpan1;n;duration_3D_advanceTimeSpan2;n;duration_3D_durationSolve;n;duration_3D_transfer12;n;duration_3D_transfer21;n;duration_mechanics;n;duration_mechanics_durationSolve;n;anonymous0_preconditionerType;anonymous0_solverType;currentSimulationTime;diffusionSolver_preconditionerType;diffusionSolver_solverType;dt_0D;dt_1D;dt_3D;dt_splitting;endTime;exit;exit_signal;mechanicsSolver_preconditionerType;mechanicsSolver_solverType;memoryData;memoryPage;memoryResidentSet;memoryVirtual;nInstancesComputedGlobally;scenarioName;totalUsertime;~nDofs;~nDofsmuscle_quadratic;~nElements;~nElementsmuscle_quadratic;~nNodes;~nNodesmuscle_quadratic;
2025/11/28 19:42:05;cmcs09;opendihu 1.5, built Aug  7 2025, C++ 201402, GCC 12.2.0;1;0;1.601e-05;18;0.0154679;9;0.0232503;18;0.00271431;216;0.00292331;11;7.0842e-05;11;0.0103951;24;0.000177716;12;3.035e-06;2;0.0027478;11;0.000535258;24;2.0298e-05;10;0.0188899;24;0.000292975;13;6.889e-06;3;0.0102473;13;0.0303559;24;4.239e-06;1;2.086e-06;18;0.00113677;18;0.0417924;93;0.0304537;24;0.0112774;12;0.00206219;2002;0.0022397;999;0.737956;22;0.0167894;11;0.735032;11;0.313018;10;0.019875;11;0.00171004;11;0.0149003;1;0.004192;1;lu;preonly;1.000000;none;cg;0.0005;0.001;0.1;0.001;1;normal;;lu;preonly;580018176;4096;142065664;898834432;9;default;2.18;30;275;29;20;30;275;
# timestamp;hostname;version;nRanks;rankNo;durationAssembleBoundaryConditions;n;durationComputeMappingBetweenMeshes;n;durationInitCellml;n;durationMap;n;durationMapFinalize;n;durationMapPrepare;n;durationParaview1D;n;durationParaview1DInit;n;durationParaview1DReduction;n;durationParaview1DWrite;n;durationParaview2D;n;durationParaview2D3DInit;n;durationParaview3D;n;durationParaview3DInit;n;durationParaview3DReduction;n;durationParaview3DWrite;n;durationParaviewOutput;n;durationReadGeometry;n;durationSetRightHandSide;n;durationSetStiffnessMatrix;n;durationWriteOutput;n;durationWriteOutputParaview;n;durationWriteOutputPythonCallback;n;duration_0D;n;duration_1D;n;duration_3D;n;duration_3D_advanceTimeSpan1;n;duration_3D_advanceTimeSpan2;n;duration_3D_durationSolve;n;duration_3D_transfer12;n;duration_3D_transfer21;n;duration_mechanics;n;duration_mechanics_durationSolve;n;anonymous0_preconditionerType;anonymous0_solverType;currentSimulationTime;diffusionSolver_preconditionerType;diffusionSolver_solverType;dt_0D;dt_1D;dt_3D;dt_splitting;endTime;exit;exit_signal;mechanicsSolver_preconditionerType;mechanicsSolver_solverType;memoryData;memoryPage;memoryResidentSet;memoryVirtual;nInstancesComputedGlobally;scenarioName;totalUsertime;~nDofs;~nDofsmuscle_quadratic;~nElements;~nElementsmuscle_quadratic;~nNodes;~nNodesmuscle_quadratic;
2025/11/28 19:42:13;cmcs09;opendihu 1.5, built Aug  7 2025, C++ 201402, GCC 12.2.0;1;0;1.7185e-05;18;0.0154145;9;0.0234252;18;0.0027073;216;0.00294692;11;7.5527e-05;11;0.010491;24;0.000175629;12;3.393e-06;2;0.00277611;11;0.000536799;24;1.3829e-05;10;0.0191271;24;0.00027879;13;7.352e-06;3;0.0104328;13;0.0306757;24;4.111e-06;1;2.191e-06;18;0.00115414;18;0.0421328;93;0.0307778;24;0.0112954;12;0.00206352;2002;0.00224923;999;1.22525;22;0.0167722;11;1.22231;11;0.312349;10;0.0198238;11;0.00171085;11;0.504019;1;0.493235;1;lu;preonly;1.000000;none;cg;0.0005;0.001;0.1;0.001;1;normal;;lu;preonly;582139904;4096;144404480;900956160;9;default;2.62;30;275;29;20;30;275;
# timestamp;hostname;version;nRanks;rankNo;durationAssembleBoundaryConditions;n;durationComputeMappingBetweenMeshes;n;durationInitCellml;n;durationMap;n;durationMapFinalize;n;durationMapPrepare;n;durationParaview1D;n;durationParaview1DInit;n;durationParaview1DReduction;n;durationParaview1DWrite;n;durationParaview2D;n;durationParaview2D3DInit;n;durationParaview3D;n;durationParaview3DInit;n;durationParaview3DReduction;n;durationParaview3DWrite;n;durationParaviewOutput;n;durationReadGeometry;n;durationSetRightHandSide;n;durationSetStiffnessMatrix;n;durationWriteOutput;n;durationWriteOutputParaview;n;durationWriteOutputPythonCallback;n;duration_0D;n;duration_1D;n;duration_3D;n;duration_3D_advanceTimeSpan1;n;duration_3D_advanceTimeSpan2;n;duration_3D_durationSolve;n;duration_3D_transfer12;n;duration_3D_transfer21;n;duration_mechanics;n;duration_mechanics_durationSolve;n;anonymous0_preconditionerType;anonymous0_solverType;currentSimulationTime;diffusionSolver_preconditionerType;diffusionSolver_solverType;dt_0D;dt_1D;dt_3D;dt_splitting;endTime;exit;exit_signal;mechanicsSolver_preconditionerType;mechanicsSolver_solverType;memoryData;memoryPage;memoryResidentSet;memoryVirtual;nInstancesComputedGlobally;scenarioName;totalUsertime;~nDofs;~nDofsmuscle_quadratic;~nElements;~nElementsmuscle_quadratic;~nNodes;~nNodesmuscle_quadratic;
2025/11/28 19:42:21;cmcs09;opendihu 1.5, built Aug  7 2025, C++ 201402, GCC 12.2.0;1;0;1.5045e-05;18;0.0154709;9;0.0234276;18;0.00270674;216;0.00293551;11;7.3126e-05;11;0.0105624;24;0.000170662;12;3.432e-06;2;0.00298007;11;0.000524909;24;1.4691e-05;10;0.0188783;24;0.000275244;13;6.562e-06;3;0.0102123;13;0.0304865;24;3.347e-06;1;1.718e-06;18;0.00115092;18;0.0419484;93;0.0305912;24;0.0112982;12;0.00205777;2002;0.00224243;999;0.738054;22;0.0168072;11;0.735171;11;0.313771;10;0.0198652;11;0.00169818;11;0.0148477;1;0.00415851;1;lu;preonly;1.000000;none;cg;0.0005;0.001;0.1;0.001;1;normal;;lu;preonly;580018176;4096;142200832;898834432;9;default;2.16;30;275;29;20;30;275;
# timestamp;hostname;version;nRanks;rankNo;durationAssembleBoundaryConditions;n;durationComputeMappingBetweenMeshes;n;durationInitCellml;n;durationMap;n;durationMapFinalize;n;durationMapPrepare;n;durationParaview1D;n;durationParaview1DInit;n;durationParaview1DReduction;n;durationParaview1DWrite;n;durationParaview2D;n;durationParaview2D3DInit;n;durationParaview3D;n;durationParaview3DInit;n;durationParaview3DReduction;n;durationParaview3DWrite;n;durationParaviewOutput;n;durationReadGeometry;n;durationSetRightHandSide;n;durationSetStiffnessMatrix;n;durationWriteOutput;n;durationWriteOutputParaview;n;durationWriteOutputPythonCallback;n;duration_0D;n;duration_1D;n;duration_3D;n;duration_3D_advanceTimeSpan1;n;duration_3D_advanceTimeSpan2;n;duration_3D_durationSolve;n;duration_3D_transfer12;n;duration_3D_transfer21;n;duration_mechanics;n;duration_mechanics_durationSolve;n;anonymous0_preconditionerType;anonymous0_solverType;currentSimulationTime;diffusionSolver_preconditionerType;diffusionSolver_solverType;dt_0D;dt_1D;dt_3D;dt_splitting;endTime;exit;exit_signal;mechanicsSolver_preconditionerType;mechanicsSolver_solverType;memoryData;memoryPage;memoryResidentSet;memoryVirtual;nInstancesComputedGlobally;scenarioName;totalUsertime;~nDofs;~nDofsmuscle_quadratic;~nElements;~nElementsmuscle_quadratic;~nNodes;~nNodesmuscle_quadratic;
2025/11/28 19:42:30;cmcs09;opendihu 1.5, built Aug  7 2025, C++ 201402, GCC 12.2.0;1;0;1.8088e-05;18;0.0155442;9;0.0232782;18;0.00293178;216;0.00316261;11;8.8885e-05;11;0.0118409;24;0.00017331;12;3.135e-06;2;0.0029621;11;0.000532315;24;1.4412e-05;10;0.0206303;24;0.000286644;13;7.568e-06;3;0.0107596;13;0.0335715;24;3.249e-06;1;1.867e-06;18;0.00115778;18;0.0462236;93;0.0337013;24;0.0124409;12;0.00238772;2002;0.00247605;999;1.26699;22;0.0194193;11;1.266;11;0.323259;10;0.0203145;11;0.00194553;11;0.516027;1;0.50527;1;lu;preonly;1.000000;none;cg;0.0005;0.001;0.1;0.001;1;normal;;lu;preonly;582148096;4096;146583552;900964352;9;default;2.65;30;275;29;20;30;275;
# timestamp;hostname;version;nRanks;rankNo;durationAssembleBoundaryConditions;n;durationComputeMappingBetweenMeshes;n;durationInitCellml;n;durationMap;n;durationMapFinalize;n;durationMapPrepare;n;durationParaview1D;n;durationParaview1DInit;n;durationParaview1DReduction;n;durationParaview1DWrite;n;durationParaview2D;n;durationParaview2D3DInit;n;durationParaview3D;n;durationParaview3DInit;n;durationParaview3DReduction;n;durationParaview3DWrite;n;durationParaviewOutput;n;durationReadGeometry;n;durationSetRightHandSide;n;durationSetStiffnessMatrix;n;durationWriteOutput;n;durationWriteOutputParaview;n;durationWriteOutputPythonCallback;n;duration_0D;n;duration_1D;n;duration_3D;n;duration_3D_advanceTimeSpan1;n;duration_3D_advanceTimeSpan2;n;duration_3D_durationSolve;n;duration_3D_transfer12;n;duration_3D_transfer21;n;duration_mechanics;n;duration_mechanics_durationSolve;n;anonymous0_preconditionerType;anonymous0_solverType;currentSimulationTime;diffusionSolver_preconditionerType;diffusionSolver_solverType;dt_0D;dt_1D;dt_3D;dt_splitting;endTime;exit;exit_signal;mechanicsSolver_preconditionerType;mechanicsSolver_solverType;memoryData;memoryPage;memoryResidentSet;memoryVirtual;nInstancesComputedGlobally;scenarioName;totalUsertime;~nDofs;~nDofsmuscle_quadratic;~nElements;~nElementsmuscle_quadratic;~nNodes;~nNodesmuscle_quadratic;
2025/11/28 19:42:38;cmcs09;opendihu 1.5, built Aug  7 2025, C++ 201402, GCC 12.2.0;1;0;1.6633e-05;18;0.0153941;9;0.0231953;18;0.00268215;216;0.00294702;11;7.147e-05;11;0.0106422;24;0.000173909;12;3.35e-06;2;0.0027806;11;0.000520945;24;1.4253e-05;10;0.0189895;24;0.000278316;13;6.741e-06;3;0.0102841;13;0.0306803;24;3.613e-06;1;2.075e-06;18;0.00115698;18;0.0419897;93;0.030778;24;0.0111517;12;0.00209981;2002;0.00224048;999;0.73676;22;0.0169885;11;0.733963;11;0.312572;10;0.0197828;11;0.00169816;11;0.0149669;1;0.00425693;1;lu;preonly;1.000000;none;cg;0.0005;0.001;0.1;0.001;1;normal;;lu;preonly;580014080;4096;142159872;898830336;9;default;2.05;30;275;29;20;30;275;
# timestamp;hostname;version;nRanks;rankNo;durationAssembleBoundaryConditions;n;durationComputeMappingBetweenMeshes;n;durationInitCellml;n;durationMap;n;durationMapFinalize;n;durationMapPrepare;n;durationParaview1D;n;durationParaview1DInit;n;durationParaview1DReduction;n;durationParaview1DWrite;n;durationParaview2D;n;durationParaview2D3DInit;n;durationParaview3D;n;durationParaview3DInit;n;durationParaview3DReduction;n;durationParaview3DWrite;n;durationParaviewOutput;n;durationReadGeometry;n;durationSetRightHandSide;n;durationSetStiffnessMatrix;n;durationWriteOutput;n;durationWriteOutputParaview;n;durationWriteOutputPythonCallback;n;duration_0D;n;duration_1D;n;duration_3D;n;duration_3D_advanceTimeSpan1;n;duration_3D_advanceTimeSpan2;n;duration_3D_durationSolve;n;duration_3D_transfer12;n;duration_3D_transfer21;n;duration_mechanics;n;duration_mechanics_durationSolve;n;anonymous0_preconditionerType;anonymous0_solverType;currentSimulationTime;diffusionSolver_preconditionerType;diffusionSolver_solverType;dt_0D;dt_1D;dt_3D;dt_splitting;endTime;exit;exit_signal;mechanicsSolver_preconditionerType;mechanicsSolver_solverType;memoryData;memoryPage;memoryResidentSet;memoryVirtual;nInstancesComputedGlobally;scenarioName;totalUsertime;~nDofs;~nDofsmuscle_quadratic;~nElements;~nElementsmuscle_quadratic;~nNodes;~nNodesmuscle_quadratic;
2025/11/28 19:42:46;cmcs09;opendihu 1.5, built Aug  7 2025, C++ 201402, GCC 12.2.0;1;0;1.8915e-05;18;0.0156628;9;0.0234052;18;0.00282912;216;0.00298156;11;8.8861e-05;11;0.0110949;24;0.00017031;12;2.877e-06;2;0.00280458;11;0.000519226;24;1.4116e-05;10;0.0216533;24;0.000274235;13;7.058e-06;3;0.0106849;13;0.0338267;24;4.13e-06;1;2.172e-06;18;0.00114417;18;0.047285;93;0.0339658;24;0.0132304;12;0.0020942;2002;0.00224539;999;1.28806;22;0.0182437;11;1.28808;11;0.331287;10;0.0202273;11;0.00193433;11;0.521828;1;0.511003;1;lu;preonly;1.000000;none;cg;0.0005;0.001;0.1;0.001;1;normal;;lu;preonly;582148096;4096;146558976;900964352;9;default;2.58;30;275;29;20;30;275;
# timestamp;hostname;version;nRanks;rankNo;durationAssembleBoundaryConditions;n;durationComputeMappingBetweenMeshes;n;durationInitCellml;n;durationMap;n;durationMapFinalize;n;durationMapPrepare;n;durationParaview1D;n;durationParaview1DInit;n;durationParaview1DReduction;n;durationParaview1DWrite;n;durationParaview2D;n;durationParaview2D3DInit;n;durationParaview3D;n;durationParaview3DInit;n;durationParaview3DReduction;n;durationParaview3DWrite;n;durationParaviewOutput;n;durationReadGeometry;n;durationSetRightHandSide;n;durationSetStiffnessMatrix;n;durationWriteOutput;n;durationWriteOutputParaview;n;durationWriteOutputPythonCallback;n;duration_0D;n;duration_1D;n;duration_3D;n;duration_3D_advanceTimeSpan1;n;duration_3D_advanceTimeSpan2;n;duration_3D_durationSolve;n;duration_3D_transfer12;n;duration_3D_transfer21;n;duration_mechanics;n;duration_mechanics_durationSolve;n;anonymous0_preconditionerType;anonymous0_solverType;currentSimulationTime;diffusionSolver_preconditionerType;diffusionSolver_solverType;dt_0D;dt_1D;dt_3D;dt_splitting;endTime;exit;exit_signal;mechanicsSolver_preconditionerType;mechanicsSolver_solverType;memoryData;memoryPage;memoryResidentSet;memoryVirtual;nInstancesComputedGlobally;scenarioName;totalUsertime;~nDofs;~nDofsmuscle_quadratic;~nElements;~nElementsmuscle_quadratic;~nNodes;~nNodesmuscle_quadratic;
2025/11/28 19:42:54;cmcs09;opendihu 1.5, built Aug  7 2025, C++ 201402, GCC 12.2.0;1;0;1.6906e-05;18;0.0156144;9;0.0246268;18;0.00267759;216;0.00295399;11;7.4406e-05;11;0.0103256;24;0.000169772;12;3.244e-06;2;0.00276204;11;0.000513848;24;1.4468e-05;10;0.0188998;24;0.00027325;13;6.595e-06;3;0.0103162;13;0.0302716;24;3.524e-06;1;1.855e-06;18;0.00114866;18;0.0414233;93;0.0303628;24;0.0110036;12;0.00208273;2002;0.00224963;999;0.736078;22;0.0165109;11;0.732755;11;0.311102;10;0.020035;11;0.00167837;11;0.014904;1;0.00418687;1;lu;preonly;1.000000;none;cg;0.0005;0.001;0.1;0.001;1;normal;;lu;preonly;580009984;4096;142446592;898826240;9;default;2.07;30;275;29;20;30;275;
# timestamp;hostname;version;nRanks;rankNo;durationAssembleBoundaryConditions;n;durationComputeMappingBetweenMeshes;n;durationInitCellml;n;durationMap;n;durationMapFinalize;n;durationMapPrepare;n;durationParaview1D;n;durationParaview1DInit;n;durationParaview1DReduction;n;durationParaview1DWrite;n;durationParaview2D;n;durationParaview2D3DInit;n;durationParaview3D;n;durationParaview3DInit;n;durationParaview3DReduction;n;durationParaview3DWrite;n;durationParaviewOutput;n;durationReadGeometry;n;durationSetRightHandSide;n;durationSetStiffnessMatrix;n;durationWriteOutput;n;durationWriteOutputParaview;n;durationWriteOutputPythonCallback;n;duration_0D;n;duration_1D;n;duration_3D;n;duration_3D_advanceTimeSpan1;n;duration_3D_advanceTimeSpan2;n;duration_3D_durationSolve;n;duration_3D_transfer12;n;duration_3D_transfer21;n;duration_mechanics;n;duration_mechanics_durationSolve;n;anonymous0_preconditionerType;anonymous0_solverType;currentSimulationTime;diffusionSolver_preconditionerType;diffusionSolver_solverType;dt_0D;dt_1D;dt_3D;dt_splitting;endTime;exit;exit_signal;mechanicsSolver_preconditionerType;mechanicsSolver_solverType;memoryData;memoryPage;memoryResidentSet;memoryVirtual;nInstancesComputedGlobally;scenarioName;totalUsertime;~nDofs;~nDofsmuscle_quadratic;~nElements;~nElementsmuscle_quadratic;~nNodes;~nNodesmuscle_quadratic;
2025/11/28 19:43:07;cmcs09;opendihu 1.5, built Aug  7 2025, C++ 201402, GCC 12.2.0;1;0;1.7101e-05;18;0.0154616;9;0.0232463;18;0.00268701;216;0.00293888;11;7.6774e-05;11;0.0102987;24;0.000173785;12;3.053e-06;2;0.00275314;11;0.00051737;24;1.4652e-05;10;0.0191898;24;0.000273893;13;7.13e-06;3;0.0105148;13;0.0305385;24;3.601e-06;1;1.746e-06;18;0.00116673;18;0.0419501;93;0.0306324;24;0.0112574;12;0.00205819;2002;0.00223298;999;1.22447;22;0.016512;11;1.22158;11;0.312531;10;0.0198677;11;0.00169662;11;0.50327;1;0.492458;1;lu;preonly;1.000000;none;cg;0.0005;0.001;0.1;0.001;1;normal;;lu;preonly;582144000;4096;144347136;900960256;9;default;2.6;30;275;29;20;30;275;
# timestamp;hostname;version;nRanks;rankNo;durationAssembleBoundaryConditions;n;durationComputeMappingBetweenMeshes;n;durationInitCellml;n;durationMap;n;durationMapFinalize;n;durationMapPrepare;n;durationParaview1D;n;durationParaview1DInit;n;durationParaview1DReduction;n;durationParaview1DWrite;n;durationParaview2D;n;durationParaview2D3DInit;n;durationParaview3D;n;durationParaview3DInit;n;durationParaview3DReduction;n;durationParaview3DWrite;n;durationParaviewOutput;n;durationReadGeometry;n;durationSetRightHandSide;n;durationSetStiffnessMatrix;n;durationWriteOutput;n;durationWriteOutputParaview;n;durationWriteOutputPythonCallback;n;duration_0D;n;duration_1D;n;duration_3D;n;duration_3D_advanceTimeSpan1;n;duration_3D_advanceTimeSpan2;n;duration_3D_durationSolve;n;duration_3D_transfer12;n;duration_3D_transfer21;n;duration_mechanics;n;duration_mechanics_durationSolve;n;anonymous0_preconditionerType;anonymous0_solverType;currentSimulationTime;diffusionSolver_preconditionerType;diffusionSolver_solverType;dt_0D;dt_1D;dt_3D;dt_splitting;endTime;exit;exit_signal;mechanicsSolver_preconditionerType;mechanicsSolver_solverType;memoryData;memoryPage;memoryResidentSet;memoryVirtual;nInstancesComputedGlobally;scenarioName;totalUsertime;~nDofs;~nDofsmuscle_quadratic;~nElements;~nElementsmuscle_quadratic;~nNodes;~nNodesmuscle_quadratic;
2025/11/28 19:43:15;cmcs09;opendihu 1.5, built Aug  7 2025, C++ 201402, GCC 12.2.0;1;0;1.7236e-05;18;0.0160373;9;0.0235905;18;0.00268384;216;0.00292868;11;7.5339e-05;11;0.010917;24;0.000172326;12;3.051e-06;2;0.00278218;11;0.000512726;24;1.4188e-05;10;0.018939;24;0.000272896;13;6.413e-06;3;0.0103428;13;0.030894;24;3.852e-06;1;1.987e-06;18;0.00112339;18;0.0422828;93;0.0309956;24;0.0112306;12;0.00205722;2002;0.00225801;999;0.987526;22;0.0171564;11;0.983265;11;0.314211;10;0.0204358;11;0.00168193;11;0.261549;1;0.250706;1;lu;preonly;1.000000;none;cg;0.0005;0.001;0.1;0.001;1;normal;;lu;preonly;582148096;4096;144547840;900964352;9;default;2.39;30;275;29;20;30;275;
# timestamp;hostname;version;nRanks;rankNo;durationAssembleBoundaryConditions;n;durationComputeMappingBetweenMeshes;n;durationInitCellml;n;durationMap;n;durationMapFinalize;n;durationMapPrepare;n;durationParaview1D;n;durationParaview1DInit;n;durationParaview1DReduction;n;durationParaview1DWrite;n;durationParaview2D;n;durationParaview2D3DInit;n;durationParaview3D;n;durationParaview3DInit;n;durationParaview3DReduction;n;durationParaview3DWrite;n;durationParaviewOutput;n;durationReadGeometry;n;durationSetRightHandSide;n;durationSetStiffnessMatrix;n;durationWriteOutput;n;durationWriteOutputParaview;n;durationWriteOutputPythonCallback;n;duration_0D;n;duration_1D;n;duration_3D;n;duration_3D_advanceTimeSpan1;n;duration_3D_advanceTimeSpan2;n;duration_3D_durationSolve;n;duration_3D_transfer12;n;duration_3D_transfer21;n;duration_mechanics;n;duration_mechanics_durationSolve;n;anonymous0_preconditionerType;anonymous0_solverType;currentSimulationTime;diffusionSolver_preconditionerType;diffusionSolver_solverType;dt_0D;dt_1D;dt_3D;dt_splitting;endTime;exit;exit_signal;mechanicsSolver_preconditionerType;mechanicsSolver_solverType;memoryData;memoryPage;memoryResidentSet;memoryVirtual;nInstancesComputedGlobally;scenarioName;totalUsertime;~nDofs;~nDofsmuscle_quadratic;~nElements;~nElementsmuscle_quadratic;~nNodes;~nNodesmuscle_quadratic;
2025/11/28 19:43:23;cmcs09;opendihu 1.5, built Aug  7 2025, C++ 201402, GCC 12.2.0;1;0;1.5963e-05;18;0.0154893;9;0.0235877;18;0.00271113;216;0.00294112;11;7.2652e-05;11;0.0103545;24;0.000173926;12;2.934e-06;2;0.00276819;11;0.000513237;24;1.4376e-05;10;0.0201061;24;0.000271226;13;6.789e-06;3;0.010395;13;0.0315075;24;3.308e-06;1;1.696e-06;18;0.00113479;18;0.0430866;93;0.0316061;24;0.011419;12;0.00207379;2002;0.00224268;999;1.10327;22;0.0167264;11;1.10136;11;0.31168;10;0.0199028;11;0.00172292;11;0.383092;1;0.372351;1;lu;preonly;1.000000;none;cg;0.0005;0.001;0.1;0.001;1;normal;;lu;preonly;582148096;4096;144564224;900964352;9;default;2.54;30;275;29;20;30;275;
# timestamp;hostname;version;nRanks;rankNo;durationAssembleBoundaryConditions;n;durationComputeMappingBetweenMeshes;n;durationInitCellml;n;durationMap;n;durationMapFinalize;n;durationMapPrepare;n;durationParaview1D;n;durationParaview1DInit;n;durationParaview1DReduction;n;durationParaview1DWrite;n;durationParaview2D;n;durationParaview2D3DInit;n;durationParaview3D;n;durationParaview3DInit;n;durationParaview3DReduction;n;durationParaview3DWrite;n;durationParaviewOutput;n;durationReadGeometry;n;durationSetRightHandSide;n;durationSetStiffnessMatrix;n;durationWriteOutput;n;durationWriteOutputParaview;n;durationWriteOutputPythonCallback;n;duration_0D;n;duration_1D;n;duration_3D;n;duration_3D_advanceTimeSpan1;n;duration_3D_advanceTimeSpan2;n;duration_3D_durationSolve;n;duration_3D_transfer12;n;duration_3D_transfer21;n;duration_mechanics;n;duration_mechanics_durationSolve;n;anonymous0_preconditionerType;anonymous0_solverType;currentSimulationTime;diffusionSolver_preconditionerType;diffusionSolver_solverType;dt_0D;dt_1D;dt_3D;dt_splitting;endTime;exit;exit_signal;mechanicsSolver_preconditionerType;mechanicsSolver_solverType;memoryData;memoryPage;memoryResidentSet;memoryVirtual;nInstancesComputedGlobally;scenarioName;totalUsertime;~nDofs;~nDofsmuscle_quadratic;~nElements;~nElementsmuscle_quadratic;~nNodes;~nNodesmuscle_quadratic;
2025/11/28 19:43:30;cmcs09;opendihu 1.5, built Aug  7 2025, C++ 201402, GCC 12.2.0;1;0;1.6884e-05;18;0.0155137;9;0.0232253;18;0.00271296;216;0.00296189;11;7.4489e-05;11;0.0104309;24;0.000173686;12;3.342e-06;2;0.00275188;11;0.000524903;24;1.4722e-05;10;0.0192935;24;0.000287748;13;7.142e-06;3;0.0103814;13;0.0307716;24;3.722e-06;1;2.188e-06;18;0.00115533;18;0.0425504;93;0.0308725;24;0.0116148;12;0.0020582;2002;0.002248;999;1.10698;22;0.0168752;11;1.10429;11;0.311656;10;0.0199544;11;0.00174541;11;0.386939;1;0.376152;1;lu;preonly;1.000000;none;cg;0.0005;0.001;0.1;0.001;1;normal;;lu;preonly;582144000;4096;144592896;900960256;9;default;2.53;30;275;29;20;30;275;
# timestamp;hostname;version;nRanks;rankNo;durationAssembleBoundaryConditions;n;durationComputeMappingBetweenMeshes;n;durationInitCellml;n;durationMap;n;durationMapFinalize;n;durationMapPrepare;n;durationParaview1D;n;durationParaview1DInit;n;durationParaview1DReduction;n;durationParaview1DWrite;n;durationParaview2D;n;durationParaview2D3DInit;n;durationParaview3D;n;durationParaview3DInit;n;durationParaview3DReduction;n;durationParaview3DWrite;n;durationParaviewOutput;n;durationReadGeometry;n;durationSetRightHandSide;n;durationSetStiffnessMatrix;n;durationWriteOutput;n;durationWriteOutputParaview;n;durationWriteOutputPythonCallback;n;duration_0D;n;duration_1D;n;duration_3D;n;duration_3D_advanceTimeSpan1;n;duration_3D_advanceTimeSpan2;n;duration_3D_durationSolve;n;duration_3D_transfer12;n;duration_3D_transfer21;n;duration_mechanics;n;duration_mechanics_durationSolve;n;anonymous0_preconditionerType;anonymous0_solverType;currentSimulationTime;diffusionSolver_preconditionerType;diffusionSolver_solverType;dt_0D;dt_1D;dt_3D;dt_splitting;endTime;exit;exit_signal;mechanicsSolver_preconditionerType;mechanicsSolver_solverType;memoryData;memoryPage;memoryResidentSet;memoryVirtual;nInstancesComputedGlobally;scenarioName;totalUsertime;~nDofs;~nDofsmuscle_quadratic;~nElements;~nElementsmuscle_quadratic;~nNodes;~nNodesmuscle_quadratic;
2025/11/28 19:43:38;cmcs09;opendihu 1.5, built Aug  7 2025, C++ 201402, GCC 12.2.0;1;0;1.8584e-05;18;0.0154472;9;0.0235184;18;0.00268602;216;0.00293231;11;7.3924e-05;11;0.0102545;24;0.000171515;12;3.155e-06;2;0.0027808;11;0.000516775;24;1.4586e-05;10;0.0187655;24;0.00027678;13;6.504e-06;3;0.0102053;13;0.0300713;24;3.915e-06;1;1.707e-06;18;0.0011652;18;0.0413156;93;0.0301693;24;0.0110904;12;0.00206797;2002;0.00224393;999;1.1095;22;0.0164446;11;1.10623;11;0.314217;10;0.0198202;11;0.00169408;11;0.384349;1;0.373614;1;lu;preonly;1.000000;none;cg;0.0005;0.001;0.1;0.001;1;normal;;lu;preonly;582148096;4096;144449536;900964352;9;default;2.53;30;275;29;20;30;275;
# timestamp;hostname;version;nRanks;rankNo;durationAssembleBoundaryConditions;n;durationComputeMappingBetweenMeshes;n;durationInitCellml;n;durationMap;n;durationMapFinalize;n;durationMapPrepare;n;durationParaview1D;n;durationParaview1DInit;n;durationParaview1DReduction;n;durationParaview1DWrite;n;durationParaview2D;n;durationParaview2D3DInit;n;durationParaview3D;n;durationParaview3DInit;n;durationParaview3DReduction;n;durationParaview3DWrite;n;durationParaviewOutput;n;durationReadGeometry;n;durationSetRightHandSide;n;durationSetStiffnessMatrix;n;durationWriteOutput;n;durationWriteOutputParaview;n;durationWriteOutputPythonCallback;n;duration_0D;n;duration_1D;n;duration_3D;n;duration_3D_advanceTimeSpan1;n;duration_3D_advanceTimeSpan2;n;duration_3D_durationSolve;n;duration_3D_transfer12;n;duration_3D_transfer21;n;duration_mechanics;n;duration_mechanics_durationSolve;n;anonymous0_preconditionerType;anonymous0_solverType;currentSimulationTime;diffusionSolver_preconditionerType;diffusionSolver_solverType;dt_0D;dt_1D;dt_3D;dt_splitting;endTime;exit;exit_signal;mechanicsSolver_preconditionerType;mechanicsSolver_solverType;memoryData;memoryPage;memoryResidentSet;memoryVirtual;nInstancesComputedGlobally;scenarioName;totalUsertime;~nDofs;~nDofsmuscle_quadratic;~nElements;~nElementsmuscle_quadratic;~nNodes;~nNodesmuscle_quadratic;
2025/11/28 19:44:17;cmcs09;opendihu 1.5, built Aug  7 2025, C++ 201402, GCC 12.2.0;1;0;1.6426e-05;18;0.0155057;9;0.0232826;18;0.00273052;216;0.00293733;11;7.4331e-05;11;0.0103404;24;0.000201469;12;2.961e-06;2;0.00275688;11;0.000531556;24;1.4798e-05;10;0.0189449;24;0.000282553;13;7.345e-06;3;0.0101893;13;0.0303372;24;4.228e-06;1;1.731e-06;18;0.00114918;18;0.0416391;93;0.0304276;24;0.0111558;12;0.00208271;2002;0.00223992;999;1.10205;22;0.0165406;11;1.09892;11;0.311862;10;0.0199328;11;0.00169175;11;0.381793;1;0.371003;1;lu;preonly;1.000000;none;cg;0.0005;0.001;0.1;0.001;1;normal;;lu;preonly;582144000;4096;144494592;900960256;9;default;2.52;30;275;29;20;30;275;
# timestamp;hostname;version;nRanks;rankNo;durationAssembleBoundaryConditions;n;durationComputeMappingBetweenMeshes;n;durationInitCellml;n;durationMap;n;durationMapFinalize;n;durationMapPrepare;n;durationParaview1D;n;durationParaview1DInit;n;durationParaview1DReduction;n;durationParaview1DWrite;n;durationParaview2D;n;durationParaview2D3DInit;n;durationParaview3D;n;durationParaview3DInit;n;durationParaview3DReduction;n;durationParaview3DWrite;n;durationParaviewOutput;n;durationReadGeometry;n;durationSetRightHandSide;n;durationSetStiffnessMatrix;n;durationWriteOutput;n;durationWriteOutputParaview;n;durationWriteOutputPythonCallback;n;duration_0D;n;duration_1D;n;duration_3D;n;duration_3D_advanceTimeSpan1;n;duration_3D_advanceTimeSpan2;n;duration_3D_durationSolve;n;duration_3D_transfer12;n;duration_3D_transfer21;n;duration_mechanics;n;duration_mechanics_durationSolve;n;anonymous0_preconditionerType;anonymous0_solverType;currentSimulationTime;diffusionSolver_preconditionerType;diffusionSolver_solverType;dt_0D;dt_1D;dt_3D;dt_splitting;endTime;exit;exit_signal;mechanicsSolver_preconditionerType;mechanicsSolver_solverType;memoryData;memoryPage;memoryResidentSet;memoryVirtual;nInstancesComputedGlobally;scenarioName;totalUsertime;~nDofs;~nDofsmuscle_quadratic;~nElements;~nElementsmuscle_quadratic;~nNodes;~nNodesmuscle_quadratic;
2025/11/28 19:46:11;cmcs09;opendihu 1.5, built Aug  7 2025, C++ 201402, GCC 12.2.0;1;0;1.7218e-05;18;0.0154736;9;0.0234854;18;0.00308041;216;0.00293063;11;7.2634e-05;11;0.0103182;24;0.000174758;12;3.27e-06;2;0.00276479;11;0.000529823;24;1.3998e-05;10;0.043458;24;0.000279609;13;6.668e-06;3;0.0102632;13;0.0548417;24;3.222e-06;1;2.094e-06;18;0.00113605;18;0.0663056;93;0.0549395;24;0.0113055;12;0.00208501;2002;0.00224336;999;0.986489;22;0.016604;11;1.00796;11;0.31414;10;0.0198754;11;0.00211853;11;0.262386;1;0.25155;1;lu;preonly;1.000000;none;cg;0.0005;0.001;0.1;0.001;1;normal;;lu;preonly;582148096;4096;146472960;900964352;9;default;2.41;30;275;29;20;30;275;
# timestamp;hostname;version;nRanks;rankNo;durationAssembleBoundaryConditions;n;durationComputeMappingBetweenMeshes;n;durationInitCellml;n;durationMap;n;durationMapFinalize;n;durationMapPrepare;n;durationParaview1D;n;durationParaview1DInit;n;durationParaview1DReduction;n;durationParaview1DWrite;n;durationParaview2D;n;durationParaview2D3DInit;n;durationParaview3D;n;durationParaview3DInit;n;durationParaview3DReduction;n;durationParaview3DWrite;n;durationParaviewOutput;n;durationReadGeometry;n;durationSetRightHandSide;n;durationSetStiffnessMatrix;n;durationWriteOutput;n;durationWriteOutputParaview;n;durationWriteOutputPythonCallback;n;duration_0D;n;duration_1D;n;duration_3D;n;duration_3D_advanceTimeSpan1;n;duration_3D_advanceTimeSpan2;n;duration_3D_durationSolve;n;duration_3D_transfer12;n;duration_3D_transfer21;n;duration_mechanics;n;duration_mechanics_durationSolve;n;anonymous0_preconditionerType;anonymous0_solverType;currentSimulationTime;diffusionSolver_preconditionerType;diffusionSolver_solverType;dt_0D;dt_1D;dt_3D;dt_splitting;endTime;exit;exit_signal;mechanicsSolver_preconditionerType;mechanicsSolver_solverType;memoryData;memoryPage;memoryResidentSet;memoryVirtual;nInstancesComputedGlobally;scenarioName;totalUsertime;~nDofs;~nDofsmuscle_quadratic;~nElements;~nElementsmuscle_quadratic;~nNodes;~nNodesmuscle_quadratic;
2025/11/28 19:46:19;cmcs09;opendihu 1.5, built Aug  7 2025, C++ 201402, GCC 12.2.0;1;0;1.7042e-05;18;0.0154227;9;0.0239381;18;0.00298753;216;0.00299783;11;7.8012e-05;11;0.0111763;24;0.000235219;12;3.875e-06;2;0.00279312;11;0.00059967;24;1.6254e-05;10;0.0209403;24;0.000299184;13;8.94e-06;3;0.0105813;13;0.0332911;24;3.338e-06;1;1.631e-06;18;0.00116202;18;0.0459002;93;0.0334107;24;0.0124158;12;0.00232521;2002;0.00242413;999;1.12372;22;0.0184014;11;1.12174;11;0.320256;10;0.0199609;11;0.00194559;11;0.383848;1;0.373083;1;lu;preonly;1.000000;none;cg;0.0005;0.001;0.1;0.001;1;normal;;lu;preonly;582152192;4096;144412672;900968448;9;default;2.54;30;275;29;20;30;275;
# timestamp;hostname;version;nRanks;rankNo;durationAssembleBoundaryConditions;n;durationComputeMappingBetweenMeshes;n;durationInitCellml;n;durationMap;n;durationMapFinalize;n;durationMapPrepare;n;durationParaview1D;n;durationParaview1DInit;n;durationParaview1DReduction;n;durationParaview1DWrite;n;durationParaview2D;n;durationParaview2D3DInit;n;durationParaview3D;n;durationParaview3DInit;n;durationParaview3DReduction;n;durationParaview3DWrite;n;durationParaviewOutput;n;durationReadGeometry;n;durationSetRightHandSide;n;durationSetStiffnessMatrix;n;durationWriteOutput;n;durationWriteOutputParaview;n;durationWriteOutputPythonCallback;n;duration_0D;n;duration_1D;n;duration_3D;n;duration_3D_advanceTimeSpan1;n;duration_3D_advanceTimeSpan2;n;duration_3D_durationSolve;n;duration_3D_transfer12;n;duration_3D_transfer21;n;duration_mechanics;n;duration_mechanics_durationSolve;n;anonymous0_preconditionerType;anonymous0_solverType;currentSimulationTime;diffusionSolver_preconditionerType;diffusionSolver_solverType;dt_0D;dt_1D;dt_3D;dt_splitting;endTime;exit;exit_signal;mechanicsSolver_preconditionerType;mechanicsSolver_solverType;memoryData;memoryPage;memoryResidentSet;memoryVirtual;nInstancesComputedGlobally;scenarioName;totalUsertime;~nDofs;~nDofsmuscle_quadratic;~nElements;~nElementsmuscle_quadratic;~nNodes;~nNodesmuscle_quadratic;
2025/11/28 19:46:27;cmcs09;opendihu 1.5, built Aug  7 2025, C++ 201402, GCC 12.2.0;1;0;1.7925e-05;18;0.0154345;9;0.0233078;18;0.0027192;216;0.00294992;11;7.2973e-05;11;0.0103559;24;0.000172731;12;3.184e-06;2;0.00276926;11;0.000519485;24;1.38e-05;10;0.0190736;24;0.000271943;13;6.95e-06;3;0.0103136;13;0.0304777;24;3.905e-06;1;2.16e-06;18;0.00111957;18;0.0419167;93;0.0305708;24;0.0112857;12;0.00206767;2002;0.00225511;999;1.10927;22;0.0166993;11;1.10636;11;0.314271;10;0.0198553;11;0.00171135;11;0.384498;1;0.373785;1;lu;preonly;1.000000;none;cg;0.0005;0.001;0.1;0.001;1;normal;;lu;preonly;582152192;4096;144519168;900968448;9;default;2.49;30;275;29;20;30;275;
# timestamp;hostname;version;nRanks;rankNo;durationAssembleBoundaryConditions;n;durationComputeMappingBetweenMeshes;n;durationInitCellml;n;durationMap;n;durationMapFinalize;n;durationMapPrepare;n;durationParaview1D;n;durationParaview1DInit;n;durationParaview1DReduction;n;durationParaview1DWrite;n;durationParaview2D;n;durationParaview2D3DInit;n;durationParaview3D;n;durationParaview3DInit;n;durationParaview3DReduction;n;durationParaview3DWrite;n;durationParaviewOutput;n;durationReadGeometry;n;durationSetRightHandSide;n;durationSetStiffnessMatrix;n;durationWriteOutput;n;durationWriteOutputParaview;n;durationWriteOutputPythonCallback;n;duration_0D;n;duration_1D;n;duration_3D;n;duration_3D_advanceTimeSpan1;n;duration_3D_advanceTimeSpan2;n;duration_3D_durationSolve;n;duration_3D_transfer12;n;duration_3D_transfer21;n;duration_mechanics;n;duration_mechanics_durationSolve;n;anonymous0_preconditionerType;anonymous0_solverType;currentSimulationTime;diffusionSolver_preconditionerType;diffusionSolver_solverType;dt_0D;dt_1D;dt_3D;dt_splitting;endTime;exit;exit_signal;mechanicsSolver_preconditionerType;mechanicsSolver_solverType;memoryData;memoryPage;memoryResidentSet;memoryVirtual;nInstancesComputedGlobally;scenarioName;totalUsertime;~nDofs;~nDofsmuscle_quadratic;~nElements;~nElementsmuscle_quadratic;~nNodes;~nNodesmuscle_quadratic;
2025/11/28 19:46:35;cmcs09;opendihu 1.5, built Aug  7 2025, C++ 201402, GCC 12.2.0;1;0;1.6813e-05;18;0.0155832;9;0.0235218;18;0.00269754;216;0.00292821;11;7.3151e-05;11;0.0102912;24;0.00017211;12;2.91e-06;2;0.0027964;11;0.00052449;24;1.3808e-05;10;0.0190877;24;0.00028029;13;7.398e-06;3;0.0105497;13;0.0304257;24;4.036e-06;1;1.924e-06;18;0.00114813;18;0.041681;93;0.0305238;24;0.0111006;12;0.00206854;2002;0.00224833;999;1.09734;22;0.0164756;11;1.09429;11;0.310679;10;0.0199774;11;0.00167736;11;0.379324;1;0.36859;1;lu;preonly;1.000000;none;cg;0.0005;0.001;0.1;0.001;1;normal;;lu;preonly;582144000;4096;144560128;900960256;9;default;2.5;30;275;29;20;30;275;
# timestamp;hostname;version;nRanks;rankNo;durationAssembleBoundaryConditions;n;durationComputeMappingBetweenMeshes;n;durationInitCellml;n;durationMap;n;durationMapFinalize;n;durationMapPrepare;n;durationParaview1D;n;durationParaview1DInit;n;durationParaview1DReduction;n;durationParaview1DWrite;n;durationParaview2D;n;durationParaview2D3DInit;n;durationParaview3D;n;durationParaview3DInit;n;durationParaview3DReduction;n;durationParaview3DWrite;n;durationParaviewOutput;n;durationReadGeometry;n;durationSetRightHandSide;n;durationSetStiffnessMatrix;n;durationWriteOutput;n;durationWriteOutputParaview;n;durationWriteOutputPythonCallback;n;duration_0D;n;duration_1D;n;duration_3D;n;duration_3D_advanceTimeSpan1;n;duration_3D_advanceTimeSpan2;n;duration_3D_durationSolve;n;duration_3D_transfer12;n;duration_3D_transfer21;n;duration_mechanics;n;duration_mechanics_durationSolve;n;anonymous0_preconditionerType;anonymous0_solverType;currentSimulationTime;diffusionSolver_preconditionerType;diffusionSolver_solverType;dt_0D;dt_1D;dt_3D;dt_splitting;endTime;exit;exit_signal;mechanicsSolver_preconditionerType;mechanicsSolver_solverType;memoryData;memoryPage;memoryResidentSet;memoryVirtual;nInstancesComputedGlobally;scenarioName;totalUsertime;~nDofs;~nDofsmuscle_quadratic;~nElements;~nElementsmuscle_quadratic;~nNodes;~nNodesmuscle_quadratic;
2025/11/28 19:46:43;cmcs09;opendihu 1.5, built Aug  7 2025, C++ 201402, GCC 12.2.0;1;0;1.758e-05;18;0.015515;9;0.0263987;18;0.00269222;216;0.00294492;11;7.5916e-05;11;0.010292;24;0.000174621;12;2.708e-06;2;0.00279539;11;0.000523087;24;1.3887e-05;10;0.0188558;24;0.000281909;13;7.215e-06;3;0.0102776;13;0.030193;24;3.071e-06;1;2.141e-06;18;0.00116813;18;0.0414298;93;0.0302895;24;0.0110803;12;0.00209294;2002;0.00225087;999;1.11361;22;0.0165271;11;1.11036;11;0.313035;10;0.0199347;11;0.0016781;11;0.390802;1;0.380029;1;lu;preonly;1.000000;none;cg;0.0005;0.001;0.1;0.001;1;normal;;lu;preonly;582148096;4096;144474112;900964352;9;default;2.5;30;275;29;20;30;275;
# timestamp;hostname;version;nRanks;rankNo;durationAssembleBoundaryConditions;n;durationComputeMappingBetweenMeshes;n;durationInitCellml;n;durationMap;n;durationMapFinalize;n;durationMapPrepare;n;durationParaview1D;n;durationParaview1DInit;n;durationParaview1DReduction;n;durationParaview1DWrite;n;durationParaview2D;n;durationParaview2D3DInit;n;durationParaview3D;n;durationParaview3DInit;n;durationParaview3DReduction;n;durationParaview3DWrite;n;durationParaviewOutput;n;durationReadGeometry;n;durationSetRightHandSide;n;durationSetStiffnessMatrix;n;durationWriteOutput;n;durationWriteOutputParaview;n;durationWriteOutputPythonCallback;n;duration_0D;n;duration_1D;n;duration_3D;n;duration_3D_advanceTimeSpan1;n;duration_3D_advanceTimeSpan2;n;duration_3D_durationSolve;n;duration_3D_transfer12;n;duration_3D_transfer21;n;duration_mechanics;n;duration_mechanics_durationSolve;n;anonymous0_preconditionerType;anonymous0_solverType;currentSimulationTime;diffusionSolver_preconditionerType;diffusionSolver_solverType;dt_0D;dt_1D;dt_3D;dt_splitting;endTime;exit;exit_signal;mechanicsSolver_preconditionerType;mechanicsSolver_solverType;memoryData;memoryPage;memoryResidentSet;memoryVirtual;nInstancesComputedGlobally;scenarioName;totalUsertime;~nDofs;~nDofsmuscle_quadratic;~nElements;~nElementsmuscle_quadratic;~nNodes;~nNodesmuscle_quadratic;
2025/11/28 19:46:51;cmcs09;opendihu 1.5, built Aug  7 2025, C++ 201402, GCC 12.2.0;1;0;1.8023e-05;18;0.0156643;9;0.023725;18;0.0027115;216;0.00292012;11;7.9213e-05;11;0.0104143;24;0.000169789;12;3.172e-06;2;0.00279362;11;0.000524277;24;1.4823e-05;10;0.0191852;24;0.000280961;13;6.645e-06;3;0.0104093;13;0.0306463;24;3.577e-06;1;1.791e-06;18;0.00114641;18;0.0421701;93;0.0307434;24;0.0113655;12;0.00208264;2002;0.00226002;999;0.982309;22;0.0168457;11;0.979318;11;0.310247;10;0.0200733;11;0.00173943;11;0.263998;1;0.253231;1;lu;preonly;1.000000;none;cg;0.0005;0.001;0.1;0.001;1;normal;;lu;preonly;582148096;4096;146333696;900964352;9;default;2.39;30;275;29;20;30;275;
# timestamp;hostname;version;nRanks;rankNo;durationAssembleBoundaryConditions;n;durationComputeMappingBetweenMeshes;n;durationInitCellml;n;durationMap;n;durationMapFinalize;n;durationMapPrepare;n;durationParaview1D;n;durationParaview1DInit;n;durationParaview1DReduction;n;durationParaview1DWrite;n;durationParaview2D;n;durationParaview2D3DInit;n;durationParaview3D;n;durationParaview3DInit;n;durationParaview3DReduction;n;durationParaview3DWrite;n;durationParaviewOutput;n;durationReadGeometry;n;durationSetRightHandSide;n;durationSetStiffnessMatrix;n;durationWriteOutput;n;durationWriteOutputParaview;n;durationWriteOutputPythonCallback;n;duration_0D;n;duration_1D;n;duration_3D;n;duration_3D_advanceTimeSpan1;n;duration_3D_advanceTimeSpan2;n;duration_3D_durationSolve;n;duration_3D_transfer12;n;duration_3D_transfer21;n;duration_mechanics;n;duration_mechanics_durationSolve;n;anonymous0_preconditionerType;anonymous0_solverType;currentSimulationTime;diffusionSolver_preconditionerType;diffusionSolver_solverType;dt_0D;dt_1D;dt_3D;dt_splitting;endTime;exit;exit_signal;mechanicsSolver_preconditionerType;mechanicsSolver_solverType;memoryData;memoryPage;memoryResidentSet;memoryVirtual;nInstancesComputedGlobally;scenarioName;totalUsertime;~nDofs;~nDofsmuscle_quadratic;~nElements;~nElementsmuscle_quadratic;~nNodes;~nNodesmuscle_quadratic;
2025/11/28 19:47:17;cmcs09;opendihu 1.5, built Aug  7 2025, C++ 201402, GCC 12.2.0;1;0;1.5496e-05;18;0.0154741;9;0.0232271;18;0.002741;216;0.00293833;11;7.4281e-05;11;0.0103461;24;0.00017632;12;2.917e-06;2;0.00277967;11;0.000534878;24;1.6864e-05;10;0.0189894;24;0.000292913;13;6.855e-06;3;0.0103406;13;0.0304053;24;3.423e-06;1;2.031e-06;18;0.00111719;18;0.0418012;93;0.0305071;24;0.0112351;12;0.00207919;2002;0.00224982;999;1.10145;22;0.0166265;11;1.09835;11;0.311912;10;0.0199318;11;0.0016991;11;0.380992;1;0.3702;1;lu;preonly;1.000000;none;cg;0.0005;0.001;0.1;0.001;1;normal;;lu;preonly;582144000;4096;144535552;900960256;9;default;2.52;30;275;29;20;30;275;
# timestamp;hostname;version;nRanks;rankNo;durationAssembleBoundaryConditions;n;durationComputeMappingBetweenMeshes;n;durationInitCellml;n;durationMap;n;durationMapFinalize;n;durationMapPrepare;n;durationParaview1D;n;durationParaview1DInit;n;durationParaview1DReduction;n;durationParaview1DWrite;n;durationParaview2D;n;durationParaview2D3DInit;n;durationParaview3D;n;durationParaview3DInit;n;durationParaview3DReduction;n;durationParaview3DWrite;n;durationParaviewOutput;n;durationReadGeometry;n;durationSetRightHandSide;n;durationSetStiffnessMatrix;n;durationWriteOutput;n;durationWriteOutputParaview;n;durationWriteOutputPythonCallback;n;duration_0D;n;duration_1D;n;duration_3D;n;duration_3D_advanceTimeSpan1;n;duration_3D_advanceTimeSpan2;n;duration_3D_durationSolve;n;duration_3D_transfer12;n;duration_3D_transfer21;n;duration_mechanics;n;duration_mechanics_durationSolve;n;anonymous0_preconditionerType;anonymous0_solverType;currentSimulationTime;diffusionSolver_preconditionerType;diffusionSolver_solverType;dt_0D;dt_1D;dt_3D;dt_splitting;endTime;exit;exit_signal;mechanicsSolver_preconditionerType;mechanicsSolver_solverType;memoryData;memoryPage;memoryResidentSet;memoryVirtual;nInstancesComputedGlobally;scenarioName;totalUsertime;~nDofs;~nDofsmuscle_quadratic;~nElements;~nElementsmuscle_quadratic;~nNodes;~nNodesmuscle_quadratic;
2025/11/28 19:47:25;cmcs09;opendihu 1.5, built Aug  7 2025, C++ 201402, GCC 12.2.0;1;0;1.8098e-05;18;0.0154202;9;0.0232328;18;0.00270048;216;0.00291609;11;7.1682e-05;11;0.0103012;24;0.000174741;12;3.053e-06;2;0.00281096;11;0.00053438;24;1.4101e-05;10;0.0187922;24;0.000281048;13;7.087e-06;3;0.0102044;13;0.0301494;24;2.965e-06;1;1.643e-06;18;0.00116393;18;0.0414;93;0.0302496;24;0.0110925;12;0.00205347;2002;0.00223364;999;0.980196;22;0.016476;11;0.977025;11;0.311035;10;0.0198105;11;0.0016795;11;0.261334;1;0.250573;1;lu;preonly;1.000000;none;cg;0.0005;0.001;0.1;0.001;1;normal;;lu;preonly;582148096;4096;144416768;900964352;9;default;2.36;30;275;29;20;30;275;
# timestamp;hostname;version;nRanks;rankNo;durationAssembleBoundaryConditions;n;durationComputeMappingBetweenMeshes;n;durationInitCellml;n;durationMap;n;durationMapFinalize;n;durationMapPrepare;n;durationParaview1D;n;durationParaview1DInit;n;durationParaview1DReduction;n;durationParaview1DWrite;n;durationParaview2D;n;durationParaview2D3DInit;n;durationParaview3D;n;durationParaview3DInit;n;durationParaview3DReduction;n;durationParaview3DWrite;n;durationParaviewOutput;n;durationReadGeometry;n;durationSetRightHandSide;n;durationSetStiffnessMatrix;n;durationWriteOutput;n;durationWriteOutputParaview;n;durationWriteOutputPythonCallback;n;duration_0D;n;duration_1D;n;duration_3D;n;duration_3D_advanceTimeSpan1;n;duration_3D_advanceTimeSpan2;n;duration_3D_durationSolve;n;duration_3D_transfer12;n;duration_3D_transfer21;n;duration_mechanics;n;duration_mechanics_durationSolve;n;anonymous0_preconditionerType;anonymous0_solverType;currentSimulationTime;diffusionSolver_preconditionerType;diffusionSolver_solverType;dt_0D;dt_1D;dt_3D;dt_splitting;endTime;exit;exit_signal;mechanicsSolver_preconditionerType;mechanicsSolver_solverType;memoryData;memoryPage;memoryResidentSet;memoryVirtual;nInstancesComputedGlobally;scenarioName;totalUsertime;~nDofs;~nDofsmuscle_quadratic;~nElements;~nElementsmuscle_quadratic;~nNodes;~nNodesmuscle_quadratic;
2025/11/28 19:47:33;cmcs09;opendihu 1.5, built Aug  7 2025, C++ 201402, GCC 12.2.0;1;0;1.7416e-05;18;0.0156336;9;0.0233182;18;0.00271179;216;0.00291824;11;7.6439e-05;11;0.0104494;24;0.000172991;12;2.987e-06;2;0.00278493;11;0.000525195;24;1.4048e-05;10;0.019277;24;0.000281176;13;7.188e-06;3;0.0105903;13;0.0307682;24;3.928e-06;1;1.729e-06;18;0.00112347;18;0.042285;93;0.0308646;24;0.0113609;12;0.00207159;2002;0.00223652;999;1.11203;22;0.0167817;11;1.10874;11;0.315486;10;0.0200494;11;0.00170172;11;0.38401;1;0.372986;1;lu;preonly;1.000000;none;cg;0.0005;0.001;0.1;0.001;1;normal;;lu;preonly;582144000;4096;144556032;900960256;9;default;2.54;30;275;29;20;30;275;
# timestamp;hostname;version;nRanks;rankNo;durationAssembleBoundaryConditions;n;durationComputeMappingBetweenMeshes;n;durationInitCellml;n;durationMap;n;durationMapFinalize;n;durationMapPrepare;n;durationParaview1D;n;durationParaview1DInit;n;durationParaview1DReduction;n;durationParaview1DWrite;n;durationParaview2D;n;durationParaview2D3DInit;n;durationParaview3D;n;durationParaview3DInit;n;durationParaview3DReduction;n;durationParaview3DWrite;n;durationParaviewOutput;n;durationReadGeometry;n;durationSetRightHandSide;n;durationSetStiffnessMatrix;n;durationWriteOutput;n;durationWriteOutputParaview;n;durationWriteOutputPythonCallback;n;duration_0D;n;duration_1D;n;duration_3D;n;duration_3D_advanceTimeSpan1;n;duration_3D_advanceTimeSpan2;n;duration_3D_durationSolve;n;duration_3D_transfer12;n;duration_3D_transfer21;n;duration_mechanics;n;duration_mechanics_durationSolve;n;anonymous0_preconditionerType;anonymous0_solverType;currentSimulationTime;diffusionSolver_preconditionerType;diffusionSolver_solverType;dt_0D;dt_1D;dt_3D;dt_splitting;endTime;exit;exit_signal;mechanicsSolver_preconditionerType;mechanicsSolver_solverType;memoryData;memoryPage;memoryResidentSet;memoryVirtual;nInstancesComputedGlobally;scenarioName;totalUsertime;~nDofs;~nDofsmuscle_quadratic;~nElements;~nElementsmuscle_quadratic;~nNodes;~nNodesmuscle_quadratic;
2025/11/28 19:47:41;cmcs09;opendihu 1.5, built Aug  7 2025, C++ 201402, GCC 12.2.0;1;0;1.812e-05;18;0.0154137;9;0.023166;18;0.00269124;216;0.00294347;11;7.5427e-05;11;0.0103333;24;0.00017442;12;2.935e-06;2;0.00276303;11;0.000528209;24;1.3752e-05;10;0.0189521;24;0.000277756;13;7.039e-06;3;0.0103637;13;0.030336;24;3.76e-06;1;2.052e-06;18;0.00115111;18;0.0417115;93;0.030431;24;0.011223;12;0.00206556;2002;0.00224173;999;1.11032;22;0.0165466;11;1.10725;11;0.315255;10;0.0198562;11;0.00168216;11;0.383349;1;0.372563;1;lu;preonly;1.000000;none;cg;0.0005;0.001;0.1;0.001;1;normal;;lu;preonly;582148096;4096;144400384;900964352;9;default;2.51;30;275;29;20;30;275;
# timestamp;hostname;version;nRanks;rankNo;durationAssembleBoundaryConditions;n;durationComputeMappingBetweenMeshes;n;durationInitCellml;n;durationMap;n;durationMapFinalize;n;durationMapPrepare;n;durationParaview1D;n;durationParaview1DInit;n;durationParaview1DReduction;n;durationParaview1DWrite;n;durationParaview2D;n;durationParaview2D3DInit;n;durationParaview3D;n;durationParaview3DInit;n;durationParaview3DReduction;n;durationParaview3DWrite;n;durationParaviewOutput;n;durationReadGeometry;n;durationSetRightHandSide;n;durationSetStiffnessMatrix;n;durationWriteOutput;n;durationWriteOutputParaview;n;durationWriteOutputPythonCallback;n;duration_0D;n;duration_1D;n;duration_3D;n;duration_3D_advanceTimeSpan1;n;duration_3D_advanceTimeSpan2;n;duration_3D_durationSolve;n;duration_3D_transfer12;n;duration_3D_transfer21;n;duration_mechanics;n;duration_mechanics_durationSolve;n;anonymous0_preconditionerType;anonymous0_solverType;currentSimulationTime;diffusionSolver_preconditionerType;diffusionSolver_solverType;dt_0D;dt_1D;dt_3D;dt_splitting;endTime;exit;exit_signal;mechanicsSolver_preconditionerType;mechanicsSolver_solverType;memoryData;memoryPage;memoryResidentSet;memoryVirtual;nInstancesComputedGlobally;scenarioName;totalUsertime;~nDofs;~nDofsmuscle_quadratic;~nElements;~nElementsmuscle_quadratic;~nNodes;~nNodesmuscle_quadratic;
2025/11/28 19:47:49;cmcs09;opendihu 1.5, built Aug  7 2025, C++ 201402, GCC 12.2.0;1;0;1.7404e-05;18;0.0154869;9;0.0234058;18;0.00292961;216;0.00298052;11;8.7833e-05;11;0.011556;24;0.000172965;12;2.899e-06;2;0.00288493;11;0.000534243;24;1.4343e-05;10;0.0208162;24;0.000284416;13;7.308e-06;3;0.010554;13;0.033446;24;3.729e-06;1;2.139e-06;18;0.00113958;18;0.046275;93;0.0335744;24;0.0126176;12;0.00235768;2002;0.00244162;999;1.15983;22;0.0192081;11;1.15926;11;0.327145;10;0.0200062;11;0.00203831;11;0.407627;1;0.396851;1;lu;preonly;1.000000;none;cg;0.0005;0.001;0.1;0.001;1;normal;;lu;preonly;582144000;4096;144510976;900960256;9;default;2.59;30;275;29;20;30;275;
# timestamp;hostname;version;nRanks;rankNo;durationAssembleBoundaryConditions;n;durationComputeMappingBetweenMeshes;n;durationInitCellml;n;durationMap;n;durationMapFinalize;n;durationMapPrepare;n;durationParaview1D;n;durationParaview1DInit;n;durationParaview1DReduction;n;durationParaview1DWrite;n;durationParaview2D;n;durationParaview2D3DInit;n;durationParaview3D;n;durationParaview3DInit;n;durationParaview3DReduction;n;durationParaview3DWrite;n;durationParaviewOutput;n;durationReadGeometry;n;durationSetRightHandSide;n;durationSetStiffnessMatrix;n;durationWriteOutput;n;durationWriteOutputParaview;n;durationWriteOutputPythonCallback;n;duration_0D;n;duration_1D;n;duration_3D;n;duration_3D_advanceTimeSpan1;n;duration_3D_advanceTimeSpan2;n;duration_3D_durationSolve;n;duration_3D_transfer12;n;duration_3D_transfer21;n;duration_mechanics;n;duration_mechanics_durationSolve;n;anonymous0_preconditionerType;anonymous0_solverType;currentSimulationTime;diffusionSolver_preconditionerType;diffusionSolver_solverType;dt_0D;dt_1D;dt_3D;dt_splitting;endTime;exit;exit_signal;mechanicsSolver_preconditionerType;mechanicsSolver_solverType;memoryData;memoryPage;memoryResidentSet;memoryVirtual;nInstancesComputedGlobally;scenarioName;totalUsertime;~nDofs;~nDofsmuscle_quadratic;~nElements;~nElementsmuscle_quadratic;~nNodes;~nNodesmuscle_quadratic;
2025/11/28 19:47:57;cmcs09;opendihu 1.5, built Aug  7 2025, C++ 201402, GCC 12.2.0;1;0;1.8747e-05;18;0.0155272;9;0.0244177;18;0.00291219;216;0.00349681;11;0.000101346;11;0.0113583;24;0.000185893;12;3.584e-06;2;0.00278174;11;0.000550386;24;1.8161e-05;10;0.0207722;24;0.000300523;13;8.649e-06;3;0.0103138;13;0.0332515;24;3.429e-06;1;1.618e-06;18;0.00119586;18;0.0462378;93;0.0333903;24;0.0127633;12;0.002075;2002;0.00226303;999;1.03404;22;0.0183982;11;1.0335;11;0.322728;10;0.0207156;11;0.00191532;11;0.290214;1;0.279077;1;lu;preonly;1.000000;none;cg;0.0005;0.001;0.1;0.001;1;normal;;lu;preonly;582152192;4096;144654336;900968448;9;default;2.43;30;275;29;20;30;275;
# timestamp;hostname;version;nRanks;rankNo;durationAssembleBoundaryConditions;n;durationComputeMappingBetweenMeshes;n;durationInitCellml;n;durationMap;n;durationMapFinalize;n;durationMapPrepare;n;durationParaview1D;n;durationParaview1DInit;n;durationParaview1DReduction;n;durationParaview1DWrite;n;durationParaview2D;n;durationParaview2D3DInit;n;durationParaview3D;n;durationParaview3DInit;n;durationParaview3DReduction;n;durationParaview3DWrite;n;durationParaviewOutput;n;durationReadGeometry;n;durationSetRightHandSide;n;durationSetStiffnessMatrix;n;durationWriteOutput;n;durationWriteOutputParaview;n;durationWriteOutputPythonCallback;n;duration_0D;n;duration_1D;n;duration_3D;n;duration_3D_advanceTimeSpan1;n;duration_3D_advanceTimeSpan2;n;duration_3D_durationSolve;n;duration_3D_transfer12;n;duration_3D_transfer21;n;duration_mechanics;n;duration_mechanics_durationSolve;n;anonymous0_preconditionerType;anonymous0_solverType;currentSimulationTime;diffusionSolver_preconditionerType;diffusionSolver_solverType;dt_0D;dt_1D;dt_3D;dt_splitting;endTime;exit;exit_signal;mechanicsSolver_preconditionerType;mechanicsSolver_solverType;memoryData;memoryPage;memoryResidentSet;memoryVirtual;nInstancesComputedGlobally;scenarioName;totalUsertime;~nDofs;~nDofsmuscle_quadratic;~nElements;~nElementsmuscle_quadratic;~nNodes;~nNodesmuscle_quadratic;
2025/11/28 19:48:05;cmcs09;opendihu 1.5, built Aug  7 2025, C++ 201402, GCC 12.2.0;1;0;1.7526e-05;18;0.0155142;9;0.0230781;18;0.00272153;216;0.00292253;11;7.0736e-05;11;0.0108483;24;0.000185606;12;3.154e-06;2;0.00315597;11;0.000531843;24;1.5626e-05;10;0.0214117;24;0.000286676;13;7.506e-06;3;0.0125058;13;0.033307;24;4.003e-06;1;1.776e-06;18;0.00113811;18;0.0449232;93;0.0334001;24;0.0114631;12;0.00207534;2002;0.00225422;999;1.10847;22;0.0173087;11;1.10683;11;0.313954;10;0.0199272;11;0.00172425;11;0.382642;1;0.371588;1;lu;preonly;1.000000;none;cg;0.0005;0.001;0.1;0.001;1;normal;;lu;preonly;582148096;4096;144740352;900964352;9;default;2.53;30;275;29;20;30;275;
# timestamp;hostname;version;nRanks;rankNo;durationAssembleBoundaryConditions;n;durationComputeMappingBetweenMeshes;n;durationInitCellml;n;durationMap;n;durationMapFinalize;n;durationMapPrepare;n;durationParaview1D;n;durationParaview1DInit;n;durationParaview1DReduction;n;durationParaview1DWrite;n;durationParaview2D;n;durationParaview2D3DInit;n;durationParaview3D;n;durationParaview3DInit;n;durationParaview3DReduction;n;durationParaview3DWrite;n;durationParaviewOutput;n;durationReadGeometry;n;durationSetRightHandSide;n;durationSetStiffnessMatrix;n;durationWriteOutput;n;durationWriteOutputParaview;n;durationWriteOutputPythonCallback;n;duration_0D;n;duration_1D;n;duration_3D;n;duration_3D_advanceTimeSpan1;n;duration_3D_advanceTimeSpan2;n;duration_3D_durationSolve;n;duration_3D_transfer12;n;duration_3D_transfer21;n;duration_mechanics;n;duration_mechanics_durationSolve;n;anonymous0_preconditionerType;anonymous0_solverType;currentSimulationTime;diffusionSolver_preconditionerType;diffusionSolver_solverType;dt_0D;dt_1D;dt_3D;dt_splitting;endTime;exit;exit_signal;mechanicsSolver_preconditionerType;mechanicsSolver_solverType;memoryData;memoryPage;memoryResidentSet;memoryVirtual;nInstancesComputedGlobally;scenarioName;totalUsertime;~nDofs;~nDofsmuscle_quadratic;~nElements;~nElementsmuscle_quadratic;~nNodes;~nNodesmuscle_quadratic;
2025/11/29 10:29:47;cmcs09;opendihu 1.5, built Aug  7 2025, C++ 201402, GCC 12.2.0;1;0;1.7346e-05;18;0.0155047;9;0.0236746;18;0.00504396;396;0.00609592;21;0.000115964;21;0.0194463;44;0.000184445;12;3.139e-06;2;0.00530812;21;0.000591575;44;1.7251e-05;10;0.0342583;44;0.000295335;13;8.347e-06;3;0.0180576;23;0.0551271;44;3.287e-06;1;1.659e-06;18;0.00116713;18;0.0783123;143;0.0553295;44;0.0228597;22;0.0284671;4002;0.00451919;1999;4.26517;42;0.0570731;21;4.28096;21;3.08392;20;0.0241976;21;0.00353292;21;0.379745;1;0.369046;1;lu;preonly;2.000000;none;cg;0.0005;0.001;0.1;0.001;2;normal;;lu;preonly;598716416;4096;161005568;917532672;9;default;5.75;30;275;29;20;30;275;
# timestamp;hostname;version;nRanks;rankNo;durationAssembleBoundaryConditions;n;durationComputeMappingBetweenMeshes;n;durationInitCellml;n;durationMap;n;durationMapFinalize;n;durationMapPrepare;n;durationParaview1D;n;durationParaview1DInit;n;durationParaview1DReduction;n;durationParaview1DWrite;n;durationParaview2D;n;durationParaview2D3DInit;n;durationParaview3D;n;durationParaview3DInit;n;durationParaview3DReduction;n;durationParaview3DWrite;n;durationParaviewOutput;n;durationReadGeometry;n;durationSetRightHandSide;n;durationSetStiffnessMatrix;n;durationWriteOutput;n;durationWriteOutputParaview;n;durationWriteOutputPythonCallback;n;duration_0D;n;duration_1D;n;duration_3D;n;duration_3D_advanceTimeSpan1;n;duration_3D_advanceTimeSpan2;n;duration_3D_durationSolve;n;duration_3D_transfer12;n;duration_3D_transfer21;n;duration_mechanics;n;duration_mechanics_durationSolve;n;anonymous0_preconditionerType;anonymous0_solverType;currentSimulationTime;diffusionSolver_preconditionerType;diffusionSolver_solverType;dt_0D;dt_1D;dt_3D;dt_splitting;endTime;exit;exit_signal;mechanicsSolver_preconditionerType;mechanicsSolver_solverType;memoryData;memoryPage;memoryResidentSet;memoryVirtual;nInstancesComputedGlobally;scenarioName;totalUsertime;~nDofs;~nDofsmuscle_quadratic;~nElements;~nElementsmuscle_quadratic;~nNodes;~nNodesmuscle_quadratic;
2025/11/29 10:29:58;cmcs09;opendihu 1.5, built Aug  7 2025, C++ 201402, GCC 12.2.0;1;0;1.7507e-05;18;0.0154076;9;0.0232716;18;0.00500325;396;0.00607819;21;0.000122259;21;0.0195587;44;0.000179592;12;2.883e-06;2;0.00539322;21;0.000575261;44;1.4406e-05;10;0.0340238;44;0.000284315;13;7.149e-06;3;0.0181529;23;0.0548739;44;3.435e-06;1;1.547e-06;18;0.00115052;18;0.0780401;143;0.0550652;44;0.0228481;22;0.025901;4002;0.00447037;1999;4.22295;42;0.0545491;21;4.23888;21;3.1531;20;0.0241028;21;0.00349156;21;0.266287;1;0.255573;1;lu;preonly;2.000000;none;cg;0.0005;0.001;0.1;0.001;2;normal;;lu;preonly;598716416;4096;161312768;917532672;9;default;5.7;30;275;29;20;30;275;
# timestamp;hostname;version;nRanks;rankNo;durationAssembleBoundaryConditions;n;durationComputeMappingBetweenMeshes;n;durationInitCellml;n;durationMap;n;durationMapFinalize;n;durationMapPrepare;n;durationParaview1D;n;durationParaview1DInit;n;durationParaview1DReduction;n;durationParaview1DWrite;n;durationParaview2D;n;durationParaview2D3DInit;n;durationParaview3D;n;durationParaview3DInit;n;durationParaview3DReduction;n;durationParaview3DWrite;n;durationParaviewOutput;n;durationReadGeometry;n;durationSetRightHandSide;n;durationSetStiffnessMatrix;n;durationWriteOutput;n;durationWriteOutputParaview;n;durationWriteOutputPythonCallback;n;duration_0D;n;duration_1D;n;duration_3D;n;duration_3D_advanceTimeSpan1;n;duration_3D_advanceTimeSpan2;n;duration_3D_durationSolve;n;duration_3D_transfer12;n;duration_3D_transfer21;n;duration_mechanics;n;duration_mechanics_durationSolve;n;anonymous0_preconditionerType;anonymous0_solverType;currentSimulationTime;diffusionSolver_preconditionerType;diffusionSolver_solverType;dt_0D;dt_1D;dt_3D;dt_splitting;endTime;exit;exit_signal;mechanicsSolver_preconditionerType;mechanicsSolver_solverType;memoryData;memoryPage;memoryResidentSet;memoryVirtual;nInstancesComputedGlobally;scenarioName;totalUsertime;~nDofs;~nDofsmuscle_quadratic;~nElements;~nElementsmuscle_quadratic;~nNodes;~nNodesmuscle_quadratic;
2025/11/29 10:32:47;cmcs09;opendihu 1.5, built Aug  7 2025, C++ 201402, GCC 12.2.0;1;0;1.7152e-05;18;0.0155103;9;0.0230456;18;0.00499103;396;0.00607923;21;0.000119941;21;0.0193565;44;0.000173666;12;2.69e-06;2;0.00541467;21;0.000573607;44;1.4158e-05;10;0.0335365;44;0.00028605;13;7.284e-06;3;0.0179833;23;0.0541887;44;3.397e-06;1;2.13e-06;18;0.00112626;18;0.0765241;143;0.054381;44;0.0220175;22;0.0262189;4002;0.00448101;1999;4.13166;42;0.0554924;21;4.14675;21;3.07765;20;0.0242395;21;0.00342584;21;0.260639;1;0.249858;1;lu;preonly;2.000000;none;cg;0.0005;0.001;0.1;0.001;2;normal;;lu;preonly;598720512;4096;161341440;917536768;9;default;5.6;30;275;29;20;30;275;
# timestamp;hostname;version;nRanks;rankNo;durationAssembleBoundaryConditions;n;durationComputeMappingBetweenMeshes;n;durationInitCellml;n;durationMap;n;durationMapFinalize;n;durationMapPrepare;n;durationParaview1D;n;durationParaview1DInit;n;durationParaview1DReduction;n;durationParaview1DWrite;n;durationParaview2D;n;durationParaview2D3DInit;n;durationParaview3D;n;durationParaview3DInit;n;durationParaview3DReduction;n;durationParaview3DWrite;n;durationParaviewOutput;n;durationReadGeometry;n;durationSetRightHandSide;n;durationSetStiffnessMatrix;n;durationWriteOutput;n;durationWriteOutputParaview;n;durationWriteOutputPythonCallback;n;duration_0D;n;duration_1D;n;duration_3D;n;duration_3D_advanceTimeSpan1;n;duration_3D_advanceTimeSpan2;n;duration_3D_durationSolve;n;duration_3D_transfer12;n;duration_3D_transfer21;n;duration_mechanics;n;duration_mechanics_durationSolve;n;anonymous0_preconditionerType;anonymous0_solverType;currentSimulationTime;diffusionSolver_preconditionerType;diffusionSolver_solverType;dt_0D;dt_1D;dt_3D;dt_splitting;endTime;exit;exit_signal;mechanicsSolver_preconditionerType;mechanicsSolver_solverType;memoryData;memoryPage;memoryResidentSet;memoryVirtual;nInstancesComputedGlobally;scenarioName;totalUsertime;~nDofs;~nDofsmuscle_quadratic;~nElements;~nElementsmuscle_quadratic;~nNodes;~nNodesmuscle_quadratic;
2025/11/29 10:32:58;cmcs09;opendihu 1.5, built Aug  7 2025, C++ 201402, GCC 12.2.0;1;0;2.8924e-05;18;0.0156987;9;0.0245675;18;0.00499148;396;0.00609288;21;0.000120613;21;0.0191338;44;0.000173002;12;2.989e-06;2;0.00531369;21;0.000575361;44;1.4397e-05;10;0.0331584;44;0.000281233;13;6.705e-06;3;0.0176578;23;0.0535858;44;3.919e-06;1;2.083e-06;18;0.00152038;18;0.0758125;143;0.0537626;44;0.021926;22;0.0260382;4002;0.00447083;1999;4.2654;42;0.0540826;21;4.27997;21;3.09379;20;0.0243848;21;0.00344444;21;0.382978;1;0.372278;1;lu;preonly;2.000000;none;cg;0.0005;0.001;0.1;0.001;2;normal;;lu;preonly;598720512;4096;163184640;917536768;9;default;5.72;30;275;29;20;30;275;
# timestamp;hostname;version;nRanks;rankNo;durationAssembleBoundaryConditions;n;durationComputeMappingBetweenMeshes;n;durationInitCellml;n;durationMap;n;durationMapFinalize;n;durationMapPrepare;n;durationParaview1D;n;durationParaview1DInit;n;durationParaview1DReduction;n;durationParaview1DWrite;n;durationParaview2D;n;durationParaview2D3DInit;n;durationParaview3D;n;durationParaview3DInit;n;durationParaview3DReduction;n;durationParaview3DWrite;n;durationParaviewOutput;n;durationReadGeometry;n;durationSetRightHandSide;n;durationSetStiffnessMatrix;n;durationWriteOutput;n;durationWriteOutputParaview;n;durationWriteOutputPythonCallback;n;duration_0D;n;duration_1D;n;duration_3D;n;duration_3D_advanceTimeSpan1;n;duration_3D_advanceTimeSpan2;n;duration_3D_durationSolve;n;duration_3D_transfer12;n;duration_3D_transfer21;n;duration_mechanics;n;duration_mechanics_durationSolve;n;anonymous0_preconditionerType;anonymous0_solverType;currentSimulationTime;diffusionSolver_preconditionerType;diffusionSolver_solverType;dt_0D;dt_1D;dt_3D;dt_splitting;endTime;exit;exit_signal;mechanicsSolver_preconditionerType;mechanicsSolver_solverType;memoryData;memoryPage;memoryResidentSet;memoryVirtual;nInstancesComputedGlobally;scenarioName;totalUsertime;~nDofs;~nDofsmuscle_quadratic;~nElements;~nElementsmuscle_quadratic;~nNodes;~nNodesmuscle_quadratic;
2025/11/29 10:33:09;cmcs09;opendihu 1.5, built Aug  7 2025, C++ 201402, GCC 12.2.0;1;0;1.7945e-05;18;0.0154436;9;0.0232278;18;0.00497854;396;0.00608301;21;0.000119132;21;0.0193399;44;0.000176242;12;3.007e-06;2;0.00538351;21;0.00057285;44;1.4457e-05;10;0.0335367;44;0.000281776;13;7.039e-06;3;0.0179842;23;0.0541474;44;3.963e-06;1;1.838e-06;18;0.00114411;18;0.0762944;143;0.0543233;44;0.0218532;22;0.0260783;4002;0.00448406;1999;4.2449;42;0.0543916;21;4.26009;21;3.07323;20;0.0241244;21;0.00341092;21;0.379305;1;0.368548;1;lu;preonly;2.000000;none;cg;0.0005;0.001;0.1;0.001;2;normal;;lu;preonly;598728704;4096;163151872;917544960;9;default;5.72;30;275;29;20;30;275;
# timestamp;hostname;version;nRanks;rankNo;durationAssembleBoundaryConditions;n;durationComputeMappingBetweenMeshes;n;durationInitCellml;n;durationMap;n;durationMapFinalize;n;durationMapPrepare;n;durationParaview1D;n;durationParaview1DInit;n;durationParaview1DReduction;n;durationParaview1DWrite;n;durationParaview2D;n;durationParaview2D3DInit;n;durationParaview3D;n;durationParaview3DInit;n;durationParaview3DReduction;n;durationParaview3DWrite;n;durationParaviewOutput;n;durationReadGeometry;n;durationSetRightHandSide;n;durationSetStiffnessMatrix;n;durationWriteOutput;n;durationWriteOutputParaview;n;durationWriteOutputPythonCallback;n;duration_0D;n;duration_1D;n;duration_3D;n;duration_3D_advanceTimeSpan1;n;duration_3D_advanceTimeSpan2;n;duration_3D_durationSolve;n;duration_3D_transfer12;n;duration_3D_transfer21;n;duration_mechanics;n;duration_mechanics_durationSolve;n;anonymous0_preconditionerType;anonymous0_solverType;currentSimulationTime;diffusionSolver_preconditionerType;diffusionSolver_solverType;dt_0D;dt_1D;dt_3D;dt_splitting;endTime;exit;exit_signal;mechanicsSolver_preconditionerType;mechanicsSolver_solverType;memoryData;memoryPage;memoryResidentSet;memoryVirtual;nInstancesComputedGlobally;scenarioName;totalUsertime;~nDofs;~nDofsmuscle_quadratic;~nElements;~nElementsmuscle_quadratic;~nNodes;~nNodesmuscle_quadratic;
2025/11/29 10:33:20;cmcs09;opendihu 1.5, built Aug  7 2025, C++ 201402, GCC 12.2.0;1;0;1.6569e-05;18;0.0154936;9;0.0234046;18;0.00496801;396;0.00616347;21;0.000115134;21;0.0194183;44;0.000173356;12;3.905e-06;2;0.00535583;21;0.000575709;44;1.6641e-05;10;0.0336865;44;0.000280975;13;7.338e-06;3;0.0178827;23;0.054394;44;3.519e-06;1;1.869e-06;18;0.0011237;18;0.0768402;143;0.0545812;44;0.0221366;22;0.0260014;4002;0.00449944;1999;4.35781;42;0.0544039;21;4.37313;21;3.12205;20;0.0242237;21;0.00340606;21;0.380249;1;0.369479;1;lu;preonly;2.000000;none;cg;0.0005;0.001;0.1;0.001;2;normal;;lu;preonly;598724608;4096;161185792;917540864;9;default;5.78;30;275;29;20;30;275;
# timestamp;hostname;version;nRanks;rankNo;durationAssembleBoundaryConditions;n;durationComputeMappingBetweenMeshes;n;durationInitCellml;n;durationMap;n;durationMapFinalize;n;durationMapPrepare;n;durationParaview1D;n;durationParaview1DInit;n;durationParaview1DReduction;n;durationParaview1DWrite;n;durationParaview2D;n;durationParaview2D3DInit;n;durationParaview3D;n;durationParaview3DInit;n;durationParaview3DReduction;n;durationParaview3DWrite;n;durationParaviewOutput;n;durationReadGeometry;n;durationSetRightHandSide;n;durationSetStiffnessMatrix;n;durationWriteOutput;n;durationWriteOutputParaview;n;durationWriteOutputPythonCallback;n;duration_0D;n;duration_1D;n;duration_3D;n;duration_3D_advanceTimeSpan1;n;duration_3D_advanceTimeSpan2;n;duration_3D_durationSolve;n;duration_3D_transfer12;n;duration_3D_transfer21;n;duration_mechanics;n;duration_mechanics_durationSolve;n;anonymous0_preconditionerType;anonymous0_solverType;currentSimulationTime;diffusionSolver_preconditionerType;diffusionSolver_solverType;dt_0D;dt_1D;dt_3D;dt_splitting;endTime;exit;exit_signal;mechanicsSolver_preconditionerType;mechanicsSolver_solverType;memoryData;memoryPage;memoryResidentSet;memoryVirtual;nInstancesComputedGlobally;scenarioName;totalUsertime;~nDofs;~nDofsmuscle_quadratic;~nElements;~nElementsmuscle_quadratic;~nNodes;~nNodesmuscle_quadratic;
2025/11/29 10:37:27;cmcs09;opendihu 1.5, built Aug  7 2025, C++ 201402, GCC 12.2.0;1;0;1.6646e-05;18;0.015797;9;0.0232174;18;0.00503699;396;0.00612044;21;0.000117423;21;0.0195421;44;0.000177906;12;3.206e-06;2;0.00543448;21;0.000572735;44;1.4163e-05;10;0.0337053;44;0.000273959;13;7.369e-06;3;0.0181926;23;0.0545554;44;4.248e-06;1;2.134e-06;18;0.00112883;18;0.0768058;143;0.0547333;44;0.0219513;22;0.0272932;4002;0.00448985;1999;4.15207;42;0.055834;21;4.16683;21;3.0921;20;0.0245486;21;0.00342781;21;0.261882;1;0.251021;1;lu;preonly;2.000000;none;cg;0.0005;0.001;0.1;0.001;2;normal;;lu;preonly;598732800;4096;161255424;917549056;9;default;5.61;30;275;29;20;30;275;
# timestamp;hostname;version;nRanks;rankNo;durationAssembleBoundaryConditions;n;durationComputeMappingBetweenMeshes;n;durationInitCellml;n;durationMap;n;durationMapFinalize;n;durationMapPrepare;n;durationParaview1D;n;durationParaview1DInit;n;durationParaview1DReduction;n;durationParaview1DWrite;n;durationParaview2D;n;durationParaview2D3DInit;n;durationParaview3D;n;durationParaview3DInit;n;durationParaview3DReduction;n;durationParaview3DWrite;n;durationParaviewOutput;n;durationReadGeometry;n;durationSetRightHandSide;n;durationSetStiffnessMatrix;n;durationWriteOutput;n;durationWriteOutputParaview;n;durationWriteOutputPythonCallback;n;duration_0D;n;duration_1D;n;duration_3D;n;duration_3D_advanceTimeSpan1;n;duration_3D_advanceTimeSpan2;n;duration_3D_durationSolve;n;duration_3D_transfer12;n;duration_3D_transfer21;n;duration_mechanics;n;duration_mechanics_durationSolve;n;anonymous0_preconditionerType;anonymous0_solverType;currentSimulationTime;diffusionSolver_preconditionerType;diffusionSolver_solverType;dt_0D;dt_1D;dt_3D;dt_splitting;endTime;exit;exit_signal;mechanicsSolver_preconditionerType;mechanicsSolver_solverType;memoryData;memoryPage;memoryResidentSet;memoryVirtual;nInstancesComputedGlobally;scenarioName;totalUsertime;~nDofs;~nDofsmuscle_quadratic;~nElements;~nElementsmuscle_quadratic;~nNodes;~nNodesmuscle_quadratic;
2025/11/29 10:37:39;cmcs09;opendihu 1.5, built Aug  7 2025, C++ 201402, GCC 12.2.0;1;0;1.66e-05;18;0.0156465;9;0.0231647;18;0.00502619;396;0.00622139;21;0.000120242;21;0.0193211;44;0.000178096;12;3.008e-06;2;0.00535441;21;0.000566039;44;1.5168e-05;10;0.0334363;44;0.000276562;13;6.726e-06;3;0.0177835;23;0.0540421;44;3.785e-06;1;1.586e-06;18;0.00112529;18;0.0763787;143;0.0542329;44;0.0220306;22;0.0264914;4002;0.00469424;1999;4.11209;42;0.0550377;21;4.12717;21;3.05631;20;0.0244938;21;0.00344734;21;0.260579;1;0.249828;1;lu;preonly;2.000000;none;cg;0.0005;0.001;0.1;0.001;2;normal;;lu;preonly;598720512;4096;163241984;917536768;9;default;5.58;30;275;29;20;30;275;
# timestamp;hostname;version;nRanks;rankNo;durationAssembleBoundaryConditions;n;durationComputeMappingBetweenMeshes;n;durationInitCellml;n;durationMap;n;durationMapFinalize;n;durationMapPrepare;n;durationParaview1D;n;durationParaview1DInit;n;durationParaview1DReduction;n;durationParaview1DWrite;n;durationParaview2D;n;durationParaview2D3DInit;n;durationParaview3D;n;durationParaview3DInit;n;durationParaview3DReduction;n;durationParaview3DWrite;n;durationParaviewOutput;n;durationReadGeometry;n;durationSetRightHandSide;n;durationSetStiffnessMatrix;n;durationWriteOutput;n;durationWriteOutputParaview;n;durationWriteOutputPythonCallback;n;duration_0D;n;duration_1D;n;duration_3D;n;duration_3D_advanceTimeSpan1;n;duration_3D_advanceTimeSpan2;n;duration_3D_durationSolve;n;duration_3D_transfer12;n;duration_3D_transfer21;n;duration_mechanics;n;duration_mechanics_durationSolve;n;anonymous0_preconditionerType;anonymous0_solverType;currentSimulationTime;diffusionSolver_preconditionerType;diffusionSolver_solverType;dt_0D;dt_1D;dt_3D;dt_splitting;endTime;exit;exit_signal;mechanicsSolver_preconditionerType;mechanicsSolver_solverType;memoryData;memoryPage;memoryResidentSet;memoryVirtual;nInstancesComputedGlobally;scenarioName;totalUsertime;~nDofs;~nDofsmuscle_quadratic;~nElements;~nElementsmuscle_quadratic;~nNodes;~nNodesmuscle_quadratic;
2025/11/29 10:37:49;cmcs09;opendihu 1.5, built Aug  7 2025, C++ 201402, GCC 12.2.0;1;0;1.7328e-05;18;0.015426;9;0.0232872;18;0.00498994;396;0.00611918;21;0.00011606;21;0.0193718;44;0.000174658;12;3.726e-06;2;0.00535294;21;0.000562021;44;1.4452e-05;10;0.0336319;44;0.000275036;13;7.033e-06;3;0.0180759;23;0.0542761;44;3.52e-06;1;1.557e-06;18;0.0011454;18;0.0765843;143;0.054451;44;0.0220138;22;0.0261167;4002;0.00449315;1999;4.11817;42;0.0544377;21;4.13343;21;3.06248;20;0.0241219;21;0.00344413;21;0.260582;1;0.249892;1;lu;preonly;2.000000;none;cg;0.0005;0.001;0.1;0.001;2;normal;;lu;preonly;598728704;4096;160989184;917544960;9;default;5.55;30;275;29;20;30;275;
# timestamp;hostname;version;nRanks;rankNo;durationAssembleBoundaryConditions;n;durationComputeMappingBetweenMeshes;n;durationInitCellml;n;durationMap;n;durationMapFinalize;n;durationMapPrepare;n;durationParaview1D;n;durationParaview1DInit;n;durationParaview1DReduction;n;durationParaview1DWrite;n;durationParaview2D;n;durationParaview2D3DInit;n;durationParaview3D;n;durationParaview3DInit;n;durationParaview3DReduction;n;durationParaview3DWrite;n;durationParaviewOutput;n;durationReadGeometry;n;durationSetRightHandSide;n;durationSetStiffnessMatrix;n;durationWriteOutput;n;durationWriteOutputParaview;n;durationWriteOutputPythonCallback;n;duration_0D;n;duration_1D;n;duration_3D;n;duration_3D_advanceTimeSpan1;n;duration_3D_advanceTimeSpan2;n;duration_3D_durationSolve;n;duration_3D_transfer12;n;duration_3D_transfer21;n;duration_mechanics;n;duration_mechanics_durationSolve;n;anonymous0_preconditionerType;anonymous0_solverType;currentSimulationTime;diffusionSolver_preconditionerType;diffusionSolver_solverType;dt_0D;dt_1D;dt_3D;dt_splitting;endTime;exit;exit_signal;mechanicsSolver_preconditionerType;mechanicsSolver_solverType;memoryData;memoryPage;memoryResidentSet;memoryVirtual;nInstancesComputedGlobally;scenarioName;totalUsertime;~nDofs;~nDofsmuscle_quadratic;~nElements;~nElementsmuscle_quadratic;~nNodes;~nNodesmuscle_quadratic;
2025/11/29 10:38:01;cmcs09;opendihu 1.5, built Aug  7 2025, C++ 201402, GCC 12.2.0;1;0;1.916e-05;18;0.0154414;9;0.023984;18;0.00497919;396;0.00609988;21;0.000113795;21;0.0195567;44;0.000175017;12;3.108e-06;2;0.00537769;21;0.000567118;44;1.4117e-05;10;0.0334451;44;0.000272483;13;6.774e-06;3;0.0179003;23;0.0542808;44;4.065e-06;1;1.975e-06;18;0.00116197;18;0.076447;143;0.0544588;44;0.0218702;22;0.0264781;4002;0.00447575;1999;4.26212;42;0.0549919;21;4.27697;21;3.07663;20;0.0241561;21;0.00340867;21;0.381708;1;0.370964;1;lu;preonly;2.000000;none;cg;0.0005;0.001;0.1;0.001;2;normal;;lu;preonly;598712320;4096;161230848;917528576;9;default;5.7;30;275;29;20;30;275;
# timestamp;hostname;version;nRanks;rankNo;durationAssembleBoundaryConditions;n;durationComputeMappingBetweenMeshes;n;durationInitCellml;n;durationMap;n;durationMapFinalize;n;durationMapPrepare;n;durationParaview1D;n;durationParaview1DInit;n;durationParaview1DReduction;n;durationParaview1DWrite;n;durationParaview2D;n;durationParaview2D3DInit;n;durationParaview3D;n;durationParaview3DInit;n;durationParaview3DReduction;n;durationParaview3DWrite;n;durationParaviewOutput;n;durationReadGeometry;n;durationSetRightHandSide;n;durationSetStiffnessMatrix;n;durationWriteOutput;n;durationWriteOutputParaview;n;durationWriteOutputPythonCallback;n;duration_0D;n;duration_1D;n;duration_3D;n;duration_3D_advanceTimeSpan1;n;duration_3D_advanceTimeSpan2;n;duration_3D_durationSolve;n;duration_3D_transfer12;n;duration_3D_transfer21;n;duration_mechanics;n;duration_mechanics_durationSolve;n;anonymous0_preconditionerType;anonymous0_solverType;currentSimulationTime;diffusionSolver_preconditionerType;diffusionSolver_solverType;dt_0D;dt_1D;dt_3D;dt_splitting;endTime;exit;exit_signal;mechanicsSolver_preconditionerType;mechanicsSolver_solverType;memoryData;memoryPage;memoryResidentSet;memoryVirtual;nInstancesComputedGlobally;scenarioName;totalUsertime;~nDofs;~nDofsmuscle_quadratic;~nElements;~nElementsmuscle_quadratic;~nNodes;~nNodesmuscle_quadratic;
2025/11/29 10:38:12;cmcs09;opendihu 1.5, built Aug  7 2025, C++ 201402, GCC 12.2.0;1;0;1.7583e-05;18;0.0157482;9;0.0230235;18;0.00495131;396;0.00616738;21;0.000116526;21;0.0193044;44;0.000171997;12;3.384e-06;2;0.00537231;21;0.000561555;44;1.4298e-05;10;0.0334376;44;0.000275033;13;7.9e-06;3;0.0179342;23;0.0540195;44;3.182e-06;1;2.212e-06;18;0.00114286;18;0.0765008;143;0.0541993;44;0.0221851;22;0.0260362;4002;0.00449149;1999;4.2813;42;0.0543854;21;4.29608;21;3.10347;20;0.0244439;21;0.00343482;21;0.380145;1;0.369436;1;lu;preonly;2.000000;none;cg;0.0005;0.001;0.1;0.001;2;normal;;lu;preonly;598716416;4096;161144832;917532672;9;default;5.75;30;275;29;20;30;275;
# timestamp;hostname;version;nRanks;rankNo;durationAssembleBoundaryConditions;n;durationComputeMappingBetweenMeshes;n;durationInitCellml;n;durationMap;n;durationMapFinalize;n;durationMapPrepare;n;durationParaview1D;n;durationParaview1DInit;n;durationParaview1DReduction;n;durationParaview1DWrite;n;durationParaview2D;n;durationParaview2D3DInit;n;durationParaview3D;n;durationParaview3DInit;n;durationParaview3DReduction;n;durationParaview3DWrite;n;durationParaviewOutput;n;durationReadGeometry;n;durationSetRightHandSide;n;durationSetStiffnessMatrix;n;durationWriteOutput;n;durationWriteOutputParaview;n;durationWriteOutputPythonCallback;n;duration_0D;n;duration_1D;n;duration_3D;n;duration_3D_advanceTimeSpan1;n;duration_3D_advanceTimeSpan2;n;duration_3D_durationSolve;n;duration_3D_transfer12;n;duration_3D_transfer21;n;duration_mechanics;n;duration_mechanics_durationSolve;n;anonymous0_preconditionerType;anonymous0_solverType;currentSimulationTime;diffusionSolver_preconditionerType;diffusionSolver_solverType;dt_0D;dt_1D;dt_3D;dt_splitting;endTime;exit;exit_signal;mechanicsSolver_preconditionerType;mechanicsSolver_solverType;memoryData;memoryPage;memoryResidentSet;memoryVirtual;nInstancesComputedGlobally;scenarioName;totalUsertime;~nDofs;~nDofsmuscle_quadratic;~nElements;~nElementsmuscle_quadratic;~nNodes;~nNodesmuscle_quadratic;
2025/11/29 10:38:23;cmcs09;opendihu 1.5, built Aug  7 2025, C++ 201402, GCC 12.2.0;1;0;1.8694e-05;18;0.0154609;9;0.0235119;18;0.00498741;396;0.00608512;21;0.000118975;21;0.0197113;44;0.00017623;12;3.099e-06;2;0.00565805;21;0.000563117;44;1.7079e-05;10;0.0334799;44;0.000275921;13;7.037e-06;3;0.0177249;23;0.0544776;44;3.006e-06;1;1.833e-06;18;0.00114701;18;0.0768261;143;0.0546532;44;0.0220575;22;0.0260478;4002;0.00451246;1999;4.28105;42;0.0547148;21;4.29619;21;3.10105;20;0.0241102;21;0.00342396;21;0.381575;1;0.370875;1;lu;preonly;2.000000;none;cg;0.0005;0.001;0.1;0.001;2;normal;;lu;preonly;598716416;4096;161116160;917532672;9;default;5.72;30;275;29;20;30;275;
# timestamp;hostname;version;nRanks;rankNo;durationAssembleBoundaryConditions;n;durationComputeMappingBetweenMeshes;n;durationInitCellml;n;durationMap;n;durationMapFinalize;n;durationMapPrepare;n;durationParaview1D;n;durationParaview1DInit;n;durationParaview1DReduction;n;durationParaview1DWrite;n;durationParaview2D;n;durationParaview2D3DInit;n;durationParaview3D;n;durationParaview3DInit;n;durationParaview3DReduction;n;durationParaview3DWrite;n;durationParaviewOutput;n;durationReadGeometry;n;durationSetRightHandSide;n;durationSetStiffnessMatrix;n;durationWriteOutput;n;durationWriteOutputParaview;n;durationWriteOutputPythonCallback;n;duration_0D;n;duration_1D;n;duration_3D;n;duration_3D_advanceTimeSpan1;n;duration_3D_advanceTimeSpan2;n;duration_3D_durationSolve;n;duration_3D_transfer12;n;duration_3D_transfer21;n;duration_mechanics;n;duration_mechanics_durationSolve;n;anonymous0_preconditionerType;anonymous0_solverType;currentSimulationTime;diffusionSolver_preconditionerType;diffusionSolver_solverType;dt_0D;dt_1D;dt_3D;dt_splitting;endTime;exit;exit_signal;mechanicsSolver_preconditionerType;mechanicsSolver_solverType;memoryData;memoryPage;memoryResidentSet;memoryVirtual;nInstancesComputedGlobally;scenarioName;totalUsertime;~nDofs;~nDofsmuscle_quadratic;~nElements;~nElementsmuscle_quadratic;~nNodes;~nNodesmuscle_quadratic;
2025/11/29 10:38:34;cmcs09;opendihu 1.5, built Aug  7 2025, C++ 201402, GCC 12.2.0;1;0;2.0136e-05;18;0.01562;9;0.0233349;18;0.0050612;396;0.00607827;21;0.000115021;21;0.0214735;44;0.000175597;12;3.04e-06;2;0.00537659;21;0.000565771;44;1.4505e-05;10;0.0393159;44;0.000272143;13;6.809e-06;3;0.0179748;23;0.0620742;44;3.282e-06;1;1.759e-06;18;0.00120318;18;0.0846024;143;0.0622502;44;0.0222341;22;0.0259537;4002;0.00449392;1999;4.24658;42;0.0563543;21;4.26736;21;3.06708;20;0.024333;21;0.00351655;21;0.383885;1;0.373067;1;lu;preonly;2.000000;none;cg;0.0005;0.001;0.1;0.001;2;normal;;lu;preonly;598716416;4096;163434496;917532672;9;default;5.69;30;275;29;20;30;275;
# timestamp;hostname;version;nRanks;rankNo;durationAssembleBoundaryConditions;n;durationComputeMappingBetweenMeshes;n;durationInitCellml;n;durationMap;n;durationMapFinalize;n;durationMapPrepare;n;durationParaview1D;n;durationParaview1DInit;n;durationParaview1DReduction;n;durationParaview1DWrite;n;durationParaview2D;n;durationParaview2D3DInit;n;durationParaview3D;n;durationParaview3DInit;n;durationParaview3DReduction;n;durationParaview3DWrite;n;durationParaviewOutput;n;durationReadGeometry;n;durationSetRightHandSide;n;durationSetStiffnessMatrix;n;durationWriteOutput;n;durationWriteOutputParaview;n;durationWriteOutputPythonCallback;n;duration_0D;n;duration_1D;n;duration_3D;n;duration_3D_advanceTimeSpan1;n;duration_3D_advanceTimeSpan2;n;duration_3D_durationSolve;n;duration_3D_transfer12;n;duration_3D_transfer21;n;duration_mechanics;n;duration_mechanics_durationSolve;n;anonymous0_preconditionerType;anonymous0_solverType;currentSimulationTime;diffusionSolver_preconditionerType;diffusionSolver_solverType;dt_0D;dt_1D;dt_3D;dt_splitting;endTime;exit;exit_signal;mechanicsSolver_preconditionerType;mechanicsSolver_solverType;memoryData;memoryPage;memoryResidentSet;memoryVirtual;nInstancesComputedGlobally;scenarioName;totalUsertime;~nDofs;~nDofsmuscle_quadratic;~nElements;~nElementsmuscle_quadratic;~nNodes;~nNodesmuscle_quadratic;
2025/11/29 10:38:45;cmcs09;opendihu 1.5, built Aug  7 2025, C++ 201402, GCC 12.2.0;1;0;1.6691e-05;18;0.0156976;9;0.0233451;18;0.00496689;396;0.00614787;21;0.000115505;21;0.019399;44;0.000169966;12;3.022e-06;2;0.00551027;21;0.00056427;44;1.4524e-05;10;0.0332701;44;0.000274634;13;6.886e-06;3;0.0177614;23;0.0539462;44;3.387e-06;1;1.904e-06;18;0.00116617;18;0.0764552;143;0.0541342;44;0.0222025;22;0.0260011;4002;0.0044882;1999;4.2555;42;0.0543484;21;4.27022;21;3.06428;20;0.0244352;21;0.00340392;21;0.389556;1;0.37879;1;lu;preonly;2.000000;none;cg;0.0005;0.001;0.1;0.001;2;normal;;lu;preonly;598720512;4096;161107968;917536768;9;default;5.67;30;275;29;20;30;275;
# timestamp;hostname;version;nRanks;rankNo;durationAssembleBoundaryConditions;n;durationComputeMappingBetweenMeshes;n;durationInitCellml;n;durationMap;n;durationMapFinalize;n;durationMapPrepare;n;durationParaview1D;n;durationParaview1DInit;n;durationParaview1DReduction;n;durationParaview1DWrite;n;durationParaview2D;n;durationParaview2D3DInit;n;durationParaview3D;n;durationParaview3DInit;n;durationParaview3DReduction;n;durationParaview3DWrite;n;durationParaviewOutput;n;durationReadGeometry;n;durationSetRightHandSide;n;durationSetStiffnessMatrix;n;durationWriteOutput;n;durationWriteOutputParaview;n;durationWriteOutputPythonCallback;n;duration_0D;n;duration_1D;n;duration_3D;n;duration_3D_advanceTimeSpan1;n;duration_3D_advanceTimeSpan2;n;duration_3D_durationSolve;n;duration_3D_transfer12;n;duration_3D_transfer21;n;duration_mechanics;n;duration_mechanics_durationSolve;n;anonymous0_preconditionerType;anonymous0_solverType;currentSimulationTime;diffusionSolver_preconditionerType;diffusionSolver_solverType;dt_0D;dt_1D;dt_3D;dt_splitting;endTime;exit;exit_signal;mechanicsSolver_preconditionerType;mechanicsSolver_solverType;memoryData;memoryPage;memoryResidentSet;memoryVirtual;nInstancesComputedGlobally;scenarioName;totalUsertime;~nDofs;~nDofsmuscle_quadratic;~nElements;~nElementsmuscle_quadratic;~nNodes;~nNodesmuscle_quadratic;
2025/11/29 11:03:39;cmcs09;opendihu 1.5, built Aug  7 2025, C++ 201402, GCC 12.2.0;1;0;1.7259e-05;18;0.015532;9;0.0231794;18;0.232116;18036;0.274971;1001;0.00463645;1001;1.03616;2004;0.000172226;12;3.235e-06;2;0.314449;1001;0.0072849;2004;1.4052e-05;10;1.93043;2004;0.000279077;13;7.332e-06;3;1.04619;1003;2.99536;2004;3.576e-06;1;1.908e-06;18;0.00113396;18;4.50759;5043;3.00474;2004;1.49656;1002;2.40247;200002;0.226222;99999;421.348;2002;3.95115;1001;423.656;1001;381.599;1000;0.404393;1001;0.176302;1001;0.384054;1;0.373255;1;lu;preonly;100.000000;none;cg;0.0005;0.001;0.1;0.001;100;normal;;lu;preonly;1404735488;4096;967327744;1723551744;9;default;428.44;30;275;29;20;30;275;
# timestamp;hostname;version;nRanks;rankNo;durationAssembleBoundaryConditions;n;durationComputeMappingBetweenMeshes;n;durationInitCellml;n;durationMap;n;durationMapFinalize;n;durationMapPrepare;n;durationParaview1D;n;durationParaview1DInit;n;durationParaview1DReduction;n;durationParaview1DWrite;n;durationParaview2D;n;durationParaview2D3DInit;n;durationParaview3D;n;durationParaview3DInit;n;durationParaview3DReduction;n;durationParaview3DWrite;n;durationParaviewOutput;n;durationReadGeometry;n;durationSetRightHandSide;n;durationSetStiffnessMatrix;n;durationWriteOutput;n;durationWriteOutputParaview;n;durationWriteOutputPythonCallback;n;duration_0D;n;duration_1D;n;duration_3D;n;duration_3D_advanceTimeSpan1;n;duration_3D_advanceTimeSpan2;n;duration_3D_durationSolve;n;duration_3D_transfer12;n;duration_3D_transfer21;n;duration_mechanics;n;duration_mechanics_durationSolve;n;anonymous0_preconditionerType;anonymous0_solverType;currentSimulationTime;diffusionSolver_preconditionerType;diffusionSolver_solverType;dt_0D;dt_1D;dt_3D;dt_splitting;endTime;exit;exit_signal;mechanicsSolver_preconditionerType;mechanicsSolver_solverType;memoryData;memoryPage;memoryResidentSet;memoryVirtual;nInstancesComputedGlobally;scenarioName;totalUsertime;~nDofs;~nDofsmuscle_quadratic;~nElements;~nElementsmuscle_quadratic;~nNodes;~nNodesmuscle_quadratic;
2025/11/29 11:05:26;cmcs09;opendihu 1.5, built Aug  7 2025, C++ 201402, GCC 12.2.0;1;0;1.9993e-05;18;0.0153909;9;0.0233211;18;0.0604257;4680;0.0808005;260;0.00127269;260;0.254049;521;0.00017149;12;3.356e-06;2;0.0743638;260;0.00217173;521;1.6574e-05;10;0.454919;521;0.000281524;13;6.768e-06;3;0.243529;261;0.716878;521;4.297e-06;1;2.177e-06;18;0.00112974;18;1.04488;1334;0.719375;521;0.323851;260;0.616184;51802;0.0589879;25899;98.1573;517;1.00293;260;98.6936;259;87.7356;258;0.126642;260;0.0458203;259;0.383725;1;0.37292;1;lu;preonly;25.800000;none;cg;0.0005;0.001;0.1;0.001;100;Interrupt;2;lu;preonly;794591232;4096;357056512;1113407488;9;default;101.01;30;275;29;20;30;275;
# timestamp;hostname;version;nRanks;rankNo;durationAssembleBoundaryConditions;n;durationComputeMappingBetweenMeshes;n;durationInitCellml;n;durationMap;n;durationMapFinalize;n;durationMapPrepare;n;durationParaview1D;n;durationParaview1DInit;n;durationParaview1DReduction;n;durationParaview1DWrite;n;durationParaview2D;n;durationParaview2D3DInit;n;durationParaview3D;n;durationParaview3DInit;n;durationParaview3DReduction;n;durationParaview3DWrite;n;durationParaviewOutput;n;durationReadGeometry;n;durationSetRightHandSide;n;durationSetStiffnessMatrix;n;durationWriteOutput;n;durationWriteOutputParaview;n;durationWriteOutputPythonCallback;n;duration_0D;n;duration_1D;n;duration_3D;n;duration_3D_advanceTimeSpan1;n;duration_3D_advanceTimeSpan2;n;duration_3D_durationSolve;n;duration_3D_transfer12;n;duration_3D_transfer21;n;duration_mechanics;n;duration_mechanics_durationSolve;n;anonymous0_preconditionerType;anonymous0_solverType;currentSimulationTime;diffusionSolver_preconditionerType;diffusionSolver_solverType;dt_0D;dt_1D;dt_3D;dt_splitting;endTime;exit;exit_signal;mechanicsSolver_preconditionerType;mechanicsSolver_solverType;memoryData;memoryPage;memoryResidentSet;memoryVirtual;nInstancesComputedGlobally;scenarioName;totalUsertime;~nDofs;~nDofsmuscle_quadratic;~nElements;~nElementsmuscle_quadratic;~nNodes;~nNodesmuscle_quadratic;
2025/11/29 11:13:14;cmcs09;opendihu 1.5, built Aug  7 2025, C++ 201402, GCC 12.2.0;1;0;1.8991e-05;18;0.0154526;9;0.0235847;18;0.231764;18036;0.275097;1001;0.00472286;1001;1.32793;2004;0.000176692;12;2.819e-06;2;0.31173;1001;0.00743754;2004;1.4424e-05;10;2.08416;2004;0.000278499;13;6.813e-06;3;1.04476;1003;3.44104;2004;3.265e-06;1;2.226e-06;18;0.00119734;18;4.94914;5043;3.45019;2004;1.49245;1002;2.44561;200002;0.224981;99999;421.02;2002;4.28387;1001;423.481;1001;381.686;1000;0.403372;1001;0.175712;1001;0.38326;1;0.372539;1;lu;preonly;100.000000;none;cg;0.0005;0.001;0.1;0.001;100;normal;;lu;preonly;1404846080;4096;966975488;1723662336;9;default;427.98;30;275;29;20;30;275;
# timestamp;hostname;version;nRanks;rankNo;durationAssembleBoundaryConditions;n;durationComputeMappingBetweenMeshes;n;durationInitCellml;n;durationMap;n;durationMapFinalize;n;durationMapPrepare;n;durationParaview1D;n;durationParaview1DInit;n;durationParaview1DReduction;n;durationParaview1DWrite;n;durationParaview2D;n;durationParaview2D3DInit;n;durationParaview3D;n;durationParaview3DInit;n;durationParaview3DReduction;n;durationParaview3DWrite;n;durationParaviewOutput;n;durationReadGeometry;n;durationSetRightHandSide;n;durationSetStiffnessMatrix;n;durationWriteOutput;n;durationWriteOutputParaview;n;durationWriteOutputPythonCallback;n;duration_0D;n;duration_1D;n;duration_3D;n;duration_3D_advanceTimeSpan1;n;duration_3D_advanceTimeSpan2;n;duration_3D_durationSolve;n;duration_3D_transfer12;n;duration_3D_transfer21;n;duration_mechanics;n;duration_mechanics_durationSolve;n;anonymous0_preconditionerType;anonymous0_solverType;currentSimulationTime;diffusionSolver_preconditionerType;diffusionSolver_solverType;dt_0D;dt_1D;dt_3D;dt_splitting;endTime;exit;exit_signal;mechanicsSolver_preconditionerType;mechanicsSolver_solverType;memoryData;memoryPage;memoryResidentSet;memoryVirtual;nInstancesComputedGlobally;scenarioName;totalUsertime;~nDofs;~nDofsmuscle_quadratic;~nElements;~nElementsmuscle_quadratic;~nNodes;~nNodesmuscle_quadratic;
2025/11/29 11:20:31;cmcs09;opendihu 1.5, built Aug  7 2025, C++ 201402, GCC 12.2.0;1;0;1.6104e-05;18;0.0154784;9;0.0233199;18;0.229142;18036;0.307218;1001;0.004753;1001;1.15303;2004;0.000176949;12;3.452e-06;2;0.307402;1001;0.00743249;2004;1.4187e-05;10;1.98878;2004;0.000279528;13;6.74e-06;3;1.0645;1003;3.17085;2004;3.566e-06;1;1.493e-06;18;0.00116965;18;4.66595;5043;3.17975;2004;1.47958;1002;2.41088;200002;0.224892;99999;422.792;2002;4.07152;1001;425.173;1001;383.143;1000;0.436463;1001;0.174272;1001;0.382168;1;0.371431;1;lu;preonly;100.000000;none;cg;0.0005;0.001;0.1;0.001;100;normal;;lu;preonly;1404841984;4096;967192576;1723658240;9;default;429.81;30;275;29;20;30;275;
# timestamp;hostname;version;nRanks;rankNo;durationAssembleBoundaryConditions;n;durationComputeMappingBetweenMeshes;n;durationInitCellml;n;durationMap;n;durationMapFinalize;n;durationMapPrepare;n;durationParaview1D;n;durationParaview1DInit;n;durationParaview1DReduction;n;durationParaview1DWrite;n;durationParaview2D;n;durationParaview2D3DInit;n;durationParaview3D;n;durationParaview3DInit;n;durationParaview3DReduction;n;durationParaview3DWrite;n;durationParaviewOutput;n;durationReadGeometry;n;durationSetRightHandSide;n;durationSetStiffnessMatrix;n;durationWriteOutput;n;durationWriteOutputParaview;n;durationWriteOutputPythonCallback;n;duration_0D;n;duration_1D;n;duration_3D;n;duration_3D_advanceTimeSpan1;n;duration_3D_advanceTimeSpan2;n;duration_3D_durationSolve;n;duration_3D_transfer12;n;duration_3D_transfer21;n;duration_mechanics;n;duration_mechanics_durationSolve;n;anonymous0_preconditionerType;anonymous0_solverType;currentSimulationTime;diffusionSolver_preconditionerType;diffusionSolver_solverType;dt_0D;dt_1D;dt_3D;dt_splitting;endTime;exit;exit_signal;mechanicsSolver_preconditionerType;mechanicsSolver_solverType;memoryData;memoryPage;memoryResidentSet;memoryVirtual;nInstancesComputedGlobally;scenarioName;totalUsertime;~nDofs;~nDofsmuscle_quadratic;~nElements;~nElementsmuscle_quadratic;~nNodes;~nNodesmuscle_quadratic;
2025/11/29 11:27:46;cmcs09;opendihu 1.5, built Aug  7 2025, C++ 201402, GCC 12.2.0;1;0;1.7942e-05;18;0.0154202;9;0.0232736;18;0.231409;18036;0.273496;1001;0.00484459;1001;1.01132;2004;0.000174174;12;3.253e-06;2;0.306778;1001;0.0072319;2004;1.4855e-05;10;1.80026;2004;0.00027378;13;6.644e-06;3;1.03548;1003;2.84035;2004;3.443e-06;1;2.205e-06;18;0.00113021;18;4.3466;5043;2.84939;2004;1.49077;1002;2.38017;200002;0.224732;99999;422.263;2002;3.90192;1001;424.434;1001;382.461;1000;0.403238;1001;0.177635;1001;0.382961;1;0.372207;1;lu;preonly;100.000000;none;cg;0.0005;0.001;0.1;0.001;100;normal;;lu;preonly;1404805120;4096;967331840;1723621376;9;default;429.33;30;275;29;20;30;275;
# timestamp;hostname;version;nRanks;rankNo;durationAssembleBoundaryConditions;n;durationComputeMappingBetweenMeshes;n;durationInitCellml;n;durationMap;n;durationMapFinalize;n;durationMapPrepare;n;durationParaview1D;n;durationParaview1DInit;n;durationParaview1DReduction;n;durationParaview1DWrite;n;durationParaview2D;n;durationParaview2D3DInit;n;durationParaview3D;n;durationParaview3DInit;n;durationParaview3DReduction;n;durationParaview3DWrite;n;durationParaviewOutput;n;durationReadGeometry;n;durationSetRightHandSide;n;durationSetStiffnessMatrix;n;durationWriteOutput;n;durationWriteOutputParaview;n;durationWriteOutputPythonCallback;n;duration_0D;n;duration_1D;n;duration_3D;n;duration_3D_advanceTimeSpan1;n;duration_3D_advanceTimeSpan2;n;duration_3D_durationSolve;n;duration_3D_transfer12;n;duration_3D_transfer21;n;duration_mechanics;n;duration_mechanics_durationSolve;n;anonymous0_preconditionerType;anonymous0_solverType;currentSimulationTime;diffusionSolver_preconditionerType;diffusionSolver_solverType;dt_0D;dt_1D;dt_3D;dt_splitting;endTime;exit;exit_signal;mechanicsSolver_preconditionerType;mechanicsSolver_solverType;memoryData;memoryPage;memoryResidentSet;memoryVirtual;nInstancesComputedGlobally;scenarioName;totalUsertime;~nDofs;~nDofsmuscle_quadratic;~nElements;~nElementsmuscle_quadratic;~nNodes;~nNodesmuscle_quadratic;
2025/11/29 11:35:00;cmcs09;opendihu 1.5, built Aug  7 2025, C++ 201402, GCC 12.2.0;1;0;1.6488e-05;18;0.01541;9;0.0233649;18;0.22907;18036;0.273841;1001;0.00470604;1001;1.11407;2004;0.000176979;12;3.281e-06;2;0.308207;1001;0.00739459;2004;1.4966e-05;10;1.99371;2004;0.000270007;13;7.157e-06;3;1.04288;1003;3.13672;2004;3.449e-06;1;1.575e-06;18;0.00113924;18;4.63196;5043;3.14591;2004;1.47953;1002;2.39744;200002;0.224723;99999;420.249;2002;4.02143;1001;422.612;1001;380.731;1000;0.402409;1001;0.173658;1001;0.381432;1;0.37066;1;lu;preonly;100.000000;none;cg;0.0005;0.001;0.1;0.001;100;normal;;lu;preonly;1404780544;4096;967020544;1723596800;9;default;427.19;30;275;29;20;30;275;
# timestamp;hostname;version;nRanks;rankNo;durationAssembleBoundaryConditions;n;durationComputeMappingBetweenMeshes;n;durationInitCellml;n;durationMap;n;durationMapFinalize;n;durationMapPrepare;n;durationParaview1D;n;durationParaview1DInit;n;durationParaview1DReduction;n;durationParaview1DWrite;n;durationParaview2D;n;durationParaview2D3DInit;n;durationParaview3D;n;durationParaview3DInit;n;durationParaview3DReduction;n;durationParaview3DWrite;n;durationParaviewOutput;n;durationReadGeometry;n;durationSetRightHandSide;n;durationSetStiffnessMatrix;n;durationWriteOutput;n;durationWriteOutputParaview;n;durationWriteOutputPythonCallback;n;duration_0D;n;duration_1D;n;duration_3D;n;duration_3D_advanceTimeSpan1;n;duration_3D_advanceTimeSpan2;n;duration_3D_durationSolve;n;duration_3D_transfer12;n;duration_3D_transfer21;n;duration_mechanics;n;duration_mechanics_durationSolve;n;anonymous0_preconditionerType;anonymous0_solverType;currentSimulationTime;diffusionSolver_preconditionerType;diffusionSolver_solverType;dt_0D;dt_1D;dt_3D;dt_splitting;endTime;exit;exit_signal;mechanicsSolver_preconditionerType;mechanicsSolver_solverType;memoryData;memoryPage;memoryResidentSet;memoryVirtual;nInstancesComputedGlobally;scenarioName;totalUsertime;~nDofs;~nDofsmuscle_quadratic;~nElements;~nElementsmuscle_quadratic;~nNodes;~nNodesmuscle_quadratic;
2025/11/29 11:42:15;cmcs09;opendihu 1.5, built Aug  7 2025, C++ 201402, GCC 12.2.0;1;0;1.6508e-05;18;0.0155559;9;0.0234603;18;0.232702;18036;0.276989;1001;0.00490959;1001;1.26963;2004;0.000172151;12;3.166e-06;2;0.31667;1001;0.00744366;2004;1.373e-05;10;2.16307;2004;0.000275226;13;7.28e-06;3;1.04906;1003;3.46199;2004;3.724e-06;1;2.069e-06;18;0.0011333;18;4.97262;5043;3.47167;2004;1.49443;1002;2.39568;200002;0.226005;99999;420.57;2002;4.17953;1001;423.12;1001;381.058;1000;0.408142;1001;0.177834;1001;0.382445;1;0.371637;1;lu;preonly;100.000000;none;cg;0.0005;0.001;0.1;0.001;100;normal;;lu;preonly;1404813312;4096;969175040;1723629568;9;default;427.41;30;275;29;20;30;275;
# timestamp;hostname;version;nRanks;rankNo;durationAssembleBoundaryConditions;n;durationComputeMappingBetweenMeshes;n;durationInitCellml;n;durationMap;n;durationMapFinalize;n;durationMapPrepare;n;durationParaview1D;n;durationParaview1DInit;n;durationParaview1DReduction;n;durationParaview1DWrite;n;durationParaview2D;n;durationParaview2D3DInit;n;durationParaview3D;n;durationParaview3DInit;n;durationParaview3DReduction;n;durationParaview3DWrite;n;durationParaviewOutput;n;durationReadGeometry;n;durationSetRightHandSide;n;durationSetStiffnessMatrix;n;durationWriteOutput;n;durationWriteOutputParaview;n;durationWriteOutputPythonCallback;n;duration_0D;n;duration_1D;n;duration_3D;n;duration_3D_advanceTimeSpan1;n;duration_3D_advanceTimeSpan2;n;duration_3D_durationSolve;n;duration_3D_transfer12;n;duration_3D_transfer21;n;duration_mechanics;n;duration_mechanics_durationSolve;n;anonymous0_preconditionerType;anonymous0_solverType;currentSimulationTime;diffusionSolver_preconditionerType;diffusionSolver_solverType;dt_0D;dt_1D;dt_3D;dt_splitting;endTime;exit;exit_signal;mechanicsSolver_preconditionerType;mechanicsSolver_solverType;memoryData;memoryPage;memoryResidentSet;memoryVirtual;nInstancesComputedGlobally;scenarioName;totalUsertime;~nDofs;~nDofsmuscle_quadratic;~nElements;~nElementsmuscle_quadratic;~nNodes;~nNodesmuscle_quadratic;
2025/11/29 11:49:42;cmcs09;opendihu 1.5, built Aug  7 2025, C++ 201402, GCC 12.2.0;1;0;2.0516e-05;18;0.0162617;9;0.0248295;18;0.235835;18036;0.278663;1001;0.00512533;1001;1.05349;2004;0.000187134;12;3.644e-06;2;0.317434;1001;0.0074854;2004;1.5825e-05;10;2.14679;2004;0.000291341;13;8.296e-06;3;1.06042;1003;3.22957;2004;4.101e-06;1;1.624e-06;18;0.00129082;18;4.77251;5043;3.23993;2004;1.52586;1002;2.5201;200002;0.2308;99999;431.767;2002;4.0957;1001;434.323;1001;391.311;1000;0.412689;1001;0.178811;1001;0.404648;1;0.393263;1;lu;preonly;100.000000;none;cg;0.0005;0.001;0.1;0.001;100;normal;;lu;preonly;1404751872;4096;969162752;1723568128;9;default;438.94;30;275;29;20;30;275;
# timestamp;hostname;version;nRanks;rankNo;durationAssembleBoundaryConditions;n;durationComputeMappingBetweenMeshes;n;durationInitCellml;n;durationMap;n;durationMapFinalize;n;durationMapPrepare;n;durationParaview1D;n;durationParaview1DInit;n;durationParaview1DReduction;n;durationParaview1DWrite;n;durationParaview2D;n;durationParaview2D3DInit;n;durationParaview3D;n;durationParaview3DInit;n;durationParaview3DReduction;n;durationParaview3DWrite;n;durationParaviewOutput;n;durationReadGeometry;n;durationSetRightHandSide;n;durationSetStiffnessMatrix;n;durationWriteOutput;n;durationWriteOutputParaview;n;durationWriteOutputPythonCallback;n;duration_0D;n;duration_1D;n;duration_3D;n;duration_3D_advanceTimeSpan1;n;duration_3D_advanceTimeSpan2;n;duration_3D_durationSolve;n;duration_3D_transfer12;n;duration_3D_transfer21;n;duration_mechanics;n;duration_mechanics_durationSolve;n;anonymous0_preconditionerType;anonymous0_solverType;currentSimulationTime;diffusionSolver_preconditionerType;diffusionSolver_solverType;dt_0D;dt_1D;dt_3D;dt_splitting;endTime;exit;exit_signal;mechanicsSolver_preconditionerType;mechanicsSolver_solverType;memoryData;memoryPage;memoryResidentSet;memoryVirtual;nInstancesComputedGlobally;scenarioName;totalUsertime;~nDofs;~nDofsmuscle_quadratic;~nElements;~nElementsmuscle_quadratic;~nNodes;~nNodesmuscle_quadratic;
2025/11/29 11:56:58;cmcs09;opendihu 1.5, built Aug  7 2025, C++ 201402, GCC 12.2.0;1;0;1.9174e-05;18;0.0154239;9;0.0236351;18;0.235352;18036;0.275747;1001;0.00481459;1001;1.37112;2004;0.000186896;12;3.301e-06;2;0.311374;1001;0.00736587;2004;1.4572e-05;10;2.33264;2004;0.000278259;13;7.109e-06;3;1.05171;1003;3.73296;2004;3.552e-06;1;2.192e-06;18;0.00118955;18;5.5128;5043;3.74241;2004;1.76373;1002;2.41807;200002;0.226371;99999;421.729;2002;4.30407;1001;424.463;1001;381.729;1000;0.406924;1001;0.18077;1001;0.381268;1;0.370015;1;lu;preonly;100.000000;none;cg;0.0005;0.001;0.1;0.001;100;normal;;lu;preonly;1404792832;4096;969322496;1723609088;9;default;428.38;30;275;29;20;30;275;
# timestamp;hostname;version;nRanks;rankNo;durationAssembleBoundaryConditions;n;durationComputeMappingBetweenMeshes;n;durationInitCellml;n;durationMap;n;durationMapFinalize;n;durationMapPrepare;n;durationParaview1D;n;durationParaview1DInit;n;durationParaview1DReduction;n;durationParaview1DWrite;n;durationParaview2D;n;durationParaview2D3DInit;n;durationParaview3D;n;durationParaview3DInit;n;durationParaview3DReduction;n;durationParaview3DWrite;n;durationParaviewOutput;n;durationReadGeometry;n;durationSetRightHandSide;n;durationSetStiffnessMatrix;n;durationWriteOutput;n;durationWriteOutputParaview;n;durationWriteOutputPythonCallback;n;duration_0D;n;duration_1D;n;duration_3D;n;duration_3D_advanceTimeSpan1;n;duration_3D_advanceTimeSpan2;n;duration_3D_durationSolve;n;duration_3D_transfer12;n;duration_3D_transfer21;n;duration_mechanics;n;duration_mechanics_durationSolve;n;anonymous0_preconditionerType;anonymous0_solverType;currentSimulationTime;diffusionSolver_preconditionerType;diffusionSolver_solverType;dt_0D;dt_1D;dt_3D;dt_splitting;endTime;exit;exit_signal;mechanicsSolver_preconditionerType;mechanicsSolver_solverType;memoryData;memoryPage;memoryResidentSet;memoryVirtual;nInstancesComputedGlobally;scenarioName;totalUsertime;~nDofs;~nDofsmuscle_quadratic;~nElements;~nElementsmuscle_quadratic;~nNodes;~nNodesmuscle_quadratic;
2025/11/29 12:04:17;cmcs09;opendihu 1.5, built Aug  7 2025, C++ 201402, GCC 12.2.0;1;0;2.0688e-05;18;0.0154979;9;0.0241825;18;0.234031;18036;0.275317;1001;0.00478287;1001;1.27011;2004;0.000223847;12;3.342e-06;2;0.313156;1001;0.00735701;2004;1.6246e-05;10;2.03382;2004;0.000279721;13;7.683e-06;3;1.05129;1003;3.33286;2004;3.679e-06;1;1.851e-06;18;0.00118541;18;4.85796;5043;3.34277;2004;1.50828;1002;2.45544;200002;0.227327;99999;424.619;2002;4.24125;1001;427.047;1001;384.897;1000;0.406196;1001;0.179591;1001;0.388939;1;0.378152;1;lu;preonly;100.000000;none;cg;0.0005;0.001;0.1;0.001;100;normal;;lu;preonly;1404739584;4096;967069696;1723555840;9;default;431.55;30;275;29;20;30;275;
# timestamp;hostname;version;nRanks;rankNo;durationAssembleBoundaryConditions;n;durationComputeMappingBetweenMeshes;n;durationInitCellml;n;durationMap;n;durationMapFinalize;n;durationMapPrepare;n;durationParaview1D;n;durationParaview1DInit;n;durationParaview1DReduction;n;durationParaview1DWrite;n;durationParaview2D;n;durationParaview2D3DInit;n;durationParaview3D;n;durationParaview3DInit;n;durationParaview3DReduction;n;durationParaview3DWrite;n;durationParaviewOutput;n;durationReadGeometry;n;durationSetRightHandSide;n;durationSetStiffnessMatrix;n;durationWriteOutput;n;durationWriteOutputParaview;n;durationWriteOutputPythonCallback;n;duration_0D;n;duration_1D;n;duration_3D;n;duration_3D_advanceTimeSpan1;n;duration_3D_advanceTimeSpan2;n;duration_3D_durationSolve;n;duration_3D_transfer12;n;duration_3D_transfer21;n;duration_mechanics;n;duration_mechanics_durationSolve;n;anonymous0_preconditionerType;anonymous0_solverType;currentSimulationTime;diffusionSolver_preconditionerType;diffusionSolver_solverType;dt_0D;dt_1D;dt_3D;dt_splitting;endTime;exit;exit_signal;mechanicsSolver_preconditionerType;mechanicsSolver_solverType;memoryData;memoryPage;memoryResidentSet;memoryVirtual;nInstancesComputedGlobally;scenarioName;totalUsertime;~nDofs;~nDofsmuscle_quadratic;~nElements;~nElementsmuscle_quadratic;~nNodes;~nNodesmuscle_quadratic;
2025/11/29 12:11:38;cmcs09;opendihu 1.5, built Aug  7 2025, C++ 201402, GCC 12.2.0;1;0;1.7868e-05;18;0.0166879;9;0.025306;18;0.233598;18036;0.276655;1001;0.00486257;1001;1.0445;2004;0.000188597;12;3.657e-06;2;0.313911;1001;0.00733448;2004;1.7984e-05;10;1.85576;2004;0.000289512;13;7.707e-06;3;1.06257;1003;2.92887;2004;3.398e-06;1;1.715e-06;18;0.00128879;18;4.47502;5043;2.93856;2004;1.52987;1002;2.49324;200002;0.228822;99999;427.15;2002;4.05727;1001;429.395;1001;386.859;1000;0.409075;1001;0.178057;1001;0.395326;1;0.384364;1;lu;preonly;100.000000;none;cg;0.0005;0.001;0.1;0.001;100;normal;;lu;preonly;1404821504;4096;969306112;1723637760;9;default;434.23;30;275;29;20;30;275;
# timestamp;hostname;version;nRanks;rankNo;durationAssembleBoundaryConditions;n;durationComputeMappingBetweenMeshes;n;durationInitCellml;n;durationMap;n;durationMapFinalize;n;durationMapPrepare;n;durationParaview1D;n;durationParaview1DInit;n;durationParaview1DReduction;n;durationParaview1DWrite;n;durationParaview2D;n;durationParaview2D3DInit;n;durationParaview3D;n;durationParaview3DInit;n;durationParaview3DReduction;n;durationParaview3DWrite;n;durationParaviewOutput;n;durationReadGeometry;n;durationSetRightHandSide;n;durationSetStiffnessMatrix;n;durationWriteOutput;n;durationWriteOutputParaview;n;durationWriteOutputPythonCallback;n;duration_0D;n;duration_1D;n;duration_3D;n;duration_3D_advanceTimeSpan1;n;duration_3D_advanceTimeSpan2;n;duration_3D_durationSolve;n;duration_3D_transfer12;n;duration_3D_transfer21;n;duration_mechanics;n;duration_mechanics_durationSolve;n;anonymous0_preconditionerType;anonymous0_solverType;currentSimulationTime;diffusionSolver_preconditionerType;diffusionSolver_solverType;dt_0D;dt_1D;dt_3D;dt_splitting;endTime;exit;exit_signal;mechanicsSolver_preconditionerType;mechanicsSolver_solverType;memoryData;memoryPage;memoryResidentSet;memoryVirtual;nInstancesComputedGlobally;scenarioName;totalUsertime;~nDofs;~nDofsmuscle_quadratic;~nElements;~nElementsmuscle_quadratic;~nNodes;~nNodesmuscle_quadratic;
2025/11/29 12:19:02;cmcs09;opendihu 1.5, built Aug  7 2025, C++ 201402, GCC 12.2.0;1;0;1.7749e-05;18;0.0163374;9;0.0256317;18;0.237058;18036;0.282266;1001;0.00517869;1001;1.47204;2004;0.000181595;12;3.27e-06;2;0.318118;1001;0.00741417;2004;1.5042e-05;10;2.81993;2004;0.000293661;13;7.02e-06;3;1.05537;1003;4.32139;2004;4.171e-06;1;1.744e-06;18;0.00125819;18;5.85709;5043;4.33217;2004;1.51784;1002;2.43838;200002;0.230862;99999;428.445;2002;4.43665;1001;431.722;1001;388.089;1000;0.416773;1001;0.181433;1001;0.392964;1;0.382004;1;lu;preonly;100.000000;none;cg;0.0005;0.001;0.1;0.001;100;normal;;lu;preonly;1404764160;4096;969199616;1723580416;9;default;435.46;30;275;29;20;30;275;
# timestamp;hostname;version;nRanks;rankNo;durationAssembleBoundaryConditions;n;durationComputeMappingBetweenMeshes;n;durationInitCellml;n;durationMap;n;durationMapFinalize;n;durationMapPrepare;n;durationParaview1D;n;durationParaview1DInit;n;durationParaview1DReduction;n;durationParaview1DWrite;n;durationParaview2D;n;durationParaview2D3DInit;n;durationParaview3D;n;durationParaview3DInit;n;durationParaview3DReduction;n;durationParaview3DWrite;n;durationParaviewOutput;n;durationReadGeometry;n;durationSetRightHandSide;n;durationSetStiffnessMatrix;n;durationWriteOutput;n;durationWriteOutputParaview;n;durationWriteOutputPythonCallback;n;duration_0D;n;duration_1D;n;duration_3D;n;duration_3D_advanceTimeSpan1;n;duration_3D_advanceTimeSpan2;n;duration_3D_durationSolve;n;duration_3D_transfer12;n;duration_3D_transfer21;n;duration_mechanics;n;duration_mechanics_durationSolve;n;anonymous0_preconditionerType;anonymous0_solverType;currentSimulationTime;diffusionSolver_preconditionerType;diffusionSolver_solverType;dt_0D;dt_1D;dt_3D;dt_splitting;endTime;exit;exit_signal;mechanicsSolver_preconditionerType;mechanicsSolver_solverType;memoryData;memoryPage;memoryResidentSet;memoryVirtual;nInstancesComputedGlobally;scenarioName;totalUsertime;~nDofs;~nDofsmuscle_quadratic;~nElements;~nElementsmuscle_quadratic;~nNodes;~nNodesmuscle_quadratic;
2025/11/29 12:26:25;cmcs09;opendihu 1.5, built Aug  7 2025, C++ 201402, GCC 12.2.0;1;0;2.0446e-05;18;0.0154061;9;0.0249137;18;0.235794;18036;0.277669;1001;0.00482249;1001;1.02391;2004;0.000180053;12;3.493e-06;2;0.318448;1001;0.00736361;2004;1.5015e-05;10;1.87207;2004;0.000279394;13;7.683e-06;3;1.07179;1003;2.92485;2004;4.017e-06;1;1.972e-06;18;0.00120043;18;4.44221;5043;2.93453;2004;1.50119;1002;2.42726;200002;0.228329;99999;429.678;2002;3.96844;1001;431.952;1001;389.252;1000;0.410273;1001;0.179033;1001;0.383361;1;0.372537;1;lu;preonly;100.000000;none;cg;0.0005;0.001;0.1;0.001;100;normal;;lu;preonly;1404817408;4096;967094272;1723633664;9;default;436.71;30;275;29;20;30;275;
# timestamp;hostname;version;nRanks;rankNo;durationAssembleBoundaryConditions;n;durationComputeMappingBetweenMeshes;n;durationInitCellml;n;durationMap;n;durationMapFinalize;n;durationMapPrepare;n;durationParaview1D;n;durationParaview1DInit;n;durationParaview1DReduction;n;durationParaview1DWrite;n;durationParaview2D;n;durationParaview2D3DInit;n;durationParaview3D;n;durationParaview3DInit;n;durationParaview3DReduction;n;durationParaview3DWrite;n;durationParaviewOutput;n;durationReadGeometry;n;durationSetRightHandSide;n;durationSetStiffnessMatrix;n;durationWriteOutput;n;durationWriteOutputParaview;n;durationWriteOutputPythonCallback;n;duration_0D;n;duration_1D;n;duration_3D;n;duration_3D_advanceTimeSpan1;n;duration_3D_advanceTimeSpan2;n;duration_3D_durationSolve;n;duration_3D_transfer12;n;duration_3D_transfer21;n;duration_mechanics;n;duration_mechanics_durationSolve;n;anonymous0_preconditionerType;anonymous0_solverType;currentSimulationTime;diffusionSolver_preconditionerType;diffusionSolver_solverType;dt_0D;dt_1D;dt_3D;dt_splitting;endTime;exit;exit_signal;mechanicsSolver_preconditionerType;mechanicsSolver_solverType;memoryData;memoryPage;memoryResidentSet;memoryVirtual;nInstancesComputedGlobally;scenarioName;totalUsertime;~nDofs;~nDofsmuscle_quadratic;~nElements;~nElementsmuscle_quadratic;~nNodes;~nNodesmuscle_quadratic;
2025/11/29 12:33:49;cmcs09;opendihu 1.5, built Aug  7 2025, C++ 201402, GCC 12.2.0;1;0;1.7831e-05;18;0.0163477;9;0.0249444;18;0.236341;18036;0.282311;1001;0.00494381;1001;1.05148;2004;0.000188774;12;3.414e-06;2;0.31603;1001;0.00742858;2004;1.6839e-05;10;1.91066;2004;0.00028773;13;8.416e-06;3;1.05581;1003;2.99185;2004;3.291e-06;1;1.88e-06;18;0.00119837;18;4.51646;5043;3.00211;2004;1.50742;1002;2.47501;200002;0.229919;99999;429.712;2002;4.0485;1001;432.03;1001;389.387;1000;0.416962;1001;0.179604;1001;0.386459;1;0.37533;1;lu;preonly;100.000000;none;cg;0.0005;0.001;0.1;0.001;100;normal;;lu;preonly;1404805120;4096;967184384;1723621376;9;default;436.66;30;275;29;20;30;275;
# timestamp;hostname;version;nRanks;rankNo;durationAssembleBoundaryConditions;n;durationComputeMappingBetweenMeshes;n;durationInitCellml;n;durationMap;n;durationMapFinalize;n;durationMapPrepare;n;durationParaview1D;n;durationParaview1DInit;n;durationParaview1DReduction;n;durationParaview1DWrite;n;durationParaview2D;n;durationParaview2D3DInit;n;durationParaview3D;n;durationParaview3DInit;n;durationParaview3DReduction;n;durationParaview3DWrite;n;durationParaviewOutput;n;durationReadGeometry;n;durationSetRightHandSide;n;durationSetStiffnessMatrix;n;durationWriteOutput;n;durationWriteOutputParaview;n;durationWriteOutputPythonCallback;n;duration_0D;n;duration_1D;n;duration_3D;n;duration_3D_advanceTimeSpan1;n;duration_3D_advanceTimeSpan2;n;duration_3D_durationSolve;n;duration_3D_transfer12;n;duration_3D_transfer21;n;duration_mechanics;n;duration_mechanics_durationSolve;n;anonymous0_preconditionerType;anonymous0_solverType;currentSimulationTime;diffusionSolver_preconditionerType;diffusionSolver_solverType;dt_0D;dt_1D;dt_3D;dt_splitting;endTime;exit;exit_signal;mechanicsSolver_preconditionerType;mechanicsSolver_solverType;memoryData;memoryPage;memoryResidentSet;memoryVirtual;nInstancesComputedGlobally;scenarioName;totalUsertime;~nDofs;~nDofsmuscle_quadratic;~nElements;~nElementsmuscle_quadratic;~nNodes;~nNodesmuscle_quadratic;
2025/11/29 12:41:12;cmcs09;opendihu 1.5, built Aug  7 2025, C++ 201402, GCC 12.2.0;1;0;1.9343e-05;18;0.0173379;9;0.0248746;18;0.237304;18036;0.279549;1001;0.00516507;1001;1.27521;2004;0.000194189;12;3.388e-06;2;0.315429;1001;0.0073802;2004;1.6551e-05;10;2.25857;2004;0.000314371;13;8.769e-06;3;1.06463;1003;3.56353;2004;3.61e-06;1;2.157e-06;18;0.00122775;18;5.10535;5043;3.57376;2004;1.52452;1002;2.45343;200002;0.229192;99999;428.579;2002;4.25032;1001;431.317;1001;388.32;1000;0.415218;1001;0.181652;1001;0.412294;1;0.400588;1;lu;preonly;100.000000;none;cg;0.0005;0.001;0.1;0.001;100;normal;;lu;preonly;1404792832;4096;969334784;1723609088;9;default;435.48;30;275;29;20;30;275;
